energy,s003,s004,s005,s006,s007,s009,s010,s011,mean
2.463119999999999891e+03,2.373337000000000103e-03,-9.148302999999999990e-03,-1.276906000000000070e-04,-3.623125000000000043e-03,1.236488999999999991e-02,3.694221000000000137e-03,8.287432000000000175e-04,-8.688355000000000036e-03,-2.907853000000001041e-04
2.463360000000000127e+03,7.640557999999999768e-04,4.383839999999999959e-03,-4.476540999999999680e-03,-1.434121000000000007e-03,-1.514375000000000096e-03,5.877616999999999911e-03,-1.857523999999999937e-03,-8.600854999999999698e-04,1.103582875000000060e-04
2.463599999999999909e+03,-1.068188999999999944e-02,-1.174989000000000068e-02,-5.449268999999999641e-03,-7.711378999999999543e-04,-1.012273999999999986e-02,-7.071430000000000294e-04,-5.830993999999999934e-03,-1.764909999999999960e-03,-5.884746737500000033e-03
2.463839999999999691e+03,-2.496228999999999983e-03,1.844439000000000018e-03,3.833764999999999829e-03,3.811460999999999929e-03,-1.801705999999999924e-03,-3.515519999999999843e-03,-7.691200999999999940e-03,1.732955999999999906e-03,-5.352543749999998926e-04
2.464079999999999927e+03,8.541813000000000530e-03,1.031302000000000087e-02,6.344658999999999889e-03,2.705822000000000088e-03,-8.432988000000000582e-05,-8.355802000000000715e-03,1.446554999999999976e-03,1.412266000000000042e-02,4.379299639999999737e-03
2.464319999999999709e+03,-3.894556999999999880e-03,6.198053999999999716e-03,-1.718490000000000035e-03,-3.056169000000000073e-03,-5.246713000000000071e-03,-1.226609000000000033e-03,3.421461000000000207e-03,-1.129219000000000099e-03,-8.315302500000000064e-04
2.464559999999999945e+03,1.094127999999999941e-02,-2.557741000000000094e-03,-6.834744000000000236e-03,6.050212000000000125e-03,2.615874999999999819e-04,4.663587000000000179e-04,-3.224711999999999804e-03,5.275311999999999883e-03,1.297194150000000046e-03
2.464799999999999727e+03,-5.547805000000000271e-03,7.165894999999999600e-04,8.428311000000000830e-03,-3.682941999999999813e-03,6.143383999999999998e-03,3.766877000000000072e-03,1.290766999999999956e-02,-8.688355000000000036e-03,1.755466187499999916e-03
2.465039999999999964e+03,4.618647000000000030e-03,-2.088054000000000212e-03,1.671706000000000017e-03,-1.367556999999999974e-02,-2.458108000000000081e-03,7.846561000000000161e-03,5.259577999999999996e-03,5.327183000000000092e-03,8.127428749999999515e-04
2.465279999999999745e+03,1.135291000000000078e-03,3.662607999999999923e-03,8.716602999999999851e-03,1.511158999999999983e-03,1.162174000000000020e-02,-3.242037000000000131e-03,-3.864793999999999847e-04,-1.624126000000000042e-03,2.674344825000000113e-03
2.465519999999999982e+03,2.691558000000000145e-03,-1.272841000000000033e-03,1.975653000000000131e-02,-3.246812999999999978e-04,2.777495999999999958e-03,-1.310853000000000062e-03,1.927654999999999993e-02,5.355313999999999908e-03,5.868634087499999610e-03
2.465759999999999764e+03,2.230062000000000103e-03,-1.436924000000000014e-03,1.088940000000000047e-03,-5.781920999999999762e-03,-5.930060000000000019e-03,7.973578999999999736e-03,3.825390000000000127e-03,1.328280000000000086e-02,1.906483250000000134e-03
2.466000000000000000e+03,-6.649137999999999750e-03,1.554586999999999983e-02,1.340441000000000028e-02,-1.856103999999999914e-03,-8.619061000000000777e-03,6.893372000000000041e-03,5.923486999999999850e-03,6.751520999999999911e-03,3.924294624999999717e-03
2.466239999999999782e+03,-9.802046000000000023e-03,-1.030714999999999930e-02,1.728230999999999865e-02,-1.367556999999999974e-02,1.987884999999999999e-02,-6.613499000000000114e-03,1.458057999999999924e-02,9.579512999999999570e-03,2.615373500000000000e-03
2.466479999999999563e+03,7.978143999999999514e-03,1.167262999999999981e-02,-1.330211000000000067e-02,8.174597999999999934e-03,1.153505999999999976e-02,2.577180999999999916e-02,6.586037000000000315e-03,1.491728999999999972e-02,9.166682375000000452e-03
2.466719999999999800e+03,1.314127999999999998e-02,5.611503000000000541e-04,1.140080000000000086e-02,5.607489999999999697e-03,9.431267999999999596e-03,1.160476000000000042e-02,1.647337999999999927e-03,9.996147999999999839e-03,7.923779287500000088e-03
2.466960000000000036e+03,-1.593341000000000071e-03,1.076212000000000002e-02,-7.535677000000000391e-04,1.112000999999999962e-02,1.940127999999999991e-02,7.997537000000000743e-03,1.852395000000000083e-02,-8.688355000000000036e-03,7.096204162499998754e-03
2.467200000000000273e+03,1.248274000000000085e-02,4.514960000000000154e-03,3.188531000000000004e-02,3.411692000000000132e-04,1.908291999999999974e-02,1.189884000000000080e-02,9.671872999999999235e-03,1.441832000000000009e-02,1.303701652499999857e-02
2.467449999999999818e+03,2.091428999999999858e-02,3.582707999999999726e-02,2.891530999999999962e-02,1.688086999999999921e-02,8.390045999999999962e-03,2.734953999999999857e-02,7.657811999999999952e-03,2.649048000000000028e-02,2.155317850000000243e-02
2.467690000000000055e+03,2.639723000000000069e-02,3.729621000000000325e-02,2.372134000000000048e-02,4.038123000000000233e-03,2.436997999999999942e-02,1.602044999999999858e-02,1.855802000000000146e-02,2.083528999999999937e-02,2.140458037500000271e-02
2.467929999999999836e+03,8.367968999999999408e-03,2.763606000000000049e-02,4.267661999999999844e-02,1.723896999999999929e-02,3.516667999999999877e-02,2.019289999999999974e-02,2.732684999999999975e-02,1.767066000000000123e-02,2.453458862499999921e-02
2.468170000000000073e+03,4.933454999999999785e-02,5.439553999999999917e-02,5.250343999999999844e-02,5.351165000000000088e-02,4.829539000000000054e-02,3.872712999999999850e-02,7.317832999999999977e-02,4.057816999999999674e-02,5.131552500000000072e-02
2.468409999999999854e+03,4.796121999999999885e-02,8.169598999999999611e-02,5.848380000000000245e-02,5.608435999999999977e-02,7.831174000000000468e-02,6.744977000000000611e-02,9.412136000000000113e-02,1.087845999999999952e-01,7.411160499999999707e-02
2.468649999999999636e+03,7.627483000000000180e-02,1.090750999999999943e-01,1.372707999999999984e-01,9.878681000000000267e-02,1.161838000000000037e-01,1.070292000000000049e-01,1.694490999999999914e-01,1.153549999999999992e-01,1.161780800000000169e-01
2.468889999999999873e+03,1.017828000000000066e-01,1.287767999999999968e-01,1.426588000000000023e-01,1.216123999999999955e-01,8.671610999999999903e-02,9.921211000000000613e-02,1.342135999999999885e-01,1.376583999999999863e-01,1.190788774999999994e-01
2.469139999999999873e+03,8.488718000000000652e-02,1.172308999999999990e-01,1.123422000000000032e-01,1.176052999999999960e-01,5.627058000000000060e-02,7.571864000000000372e-02,7.190778000000000447e-02,8.068353000000000330e-02,8.958076375000001423e-02
2.469380000000000109e+03,5.935101000000000265e-02,5.347154999999999964e-02,1.175043000000000060e-01,1.062122000000000066e-01,6.508893999999999791e-02,8.649012000000000366e-02,1.003495999999999971e-01,8.806922999999999835e-02,8.456711875000000322e-02
2.469619999999999891e+03,4.169608000000000342e-02,8.279256000000000115e-02,1.239340000000000025e-01,7.643598000000000059e-02,9.714902000000000259e-02,5.185407999999999684e-02,7.443885999999999559e-02,7.308436000000000099e-02,7.767311749999999959e-02
2.469860000000000127e+03,9.191944000000000503e-02,8.443119000000000318e-02,5.458778000000000241e-02,6.783559999999999590e-02,8.471694999999999920e-02,7.012229000000000378e-02,1.206305000000000016e-01,6.002339000000000285e-02,7.928339250000000782e-02
2.470099999999999909e+03,1.005896000000000012e-01,1.219174999999999981e-01,1.344102000000000074e-01,6.418058999999999570e-02,1.095184000000000019e-01,1.259600999999999915e-01,1.178575000000000039e-01,1.179459000000000063e-01,1.115474737500000146e-01
2.470349999999999909e+03,1.480831999999999982e-01,1.691381999999999886e-01,2.358413000000000037e-01,1.680173000000000083e-01,1.806235999999999953e-01,1.628657000000000021e-01,2.138948999999999989e-01,2.482563000000000131e-01,1.908400625000000184e-01
2.470590000000000146e+03,2.357956999999999970e-01,2.233573000000000086e-01,2.682353000000000098e-01,2.068699999999999983e-01,2.304259999999999919e-01,2.271293000000000062e-01,2.251473999999999975e-01,2.373998999999999970e-01,2.317951125000000112e-01
2.470829999999999927e+03,2.439611999999999892e-01,2.827046999999999755e-01,2.791555000000000009e-01,2.653314999999999979e-01,2.555250000000000021e-01,2.493037999999999921e-01,2.993204999999999893e-01,3.193873999999999880e-01,2.743362000000000300e-01
2.471070000000000164e+03,2.863792000000000004e-01,2.964012999999999787e-01,3.613680000000000225e-01,2.510434999999999750e-01,3.297378000000000253e-01,2.772203999999999779e-01,2.679295999999999900e-01,3.580902000000000251e-01,3.035212500000000202e-01
2.471320000000000164e+03,3.035158000000000023e-01,3.167878000000000083e-01,4.072911000000000170e-01,3.040815000000000046e-01,3.202349999999999919e-01,3.121077999999999908e-01,3.306005000000000194e-01,3.089812000000000114e-01,3.254500874999999849e-01
2.471560000000000400e+03,2.660583999999999727e-01,3.207031000000000187e-01,3.788680999999999854e-01,3.585952000000000028e-01,3.086824000000000234e-01,2.784449999999999981e-01,3.248648000000000091e-01,3.482731000000000021e-01,3.230612625000000016e-01
2.471800000000000182e+03,3.528551999999999800e-01,3.904294999999999849e-01,4.326267999999999780e-01,3.670549000000000173e-01,3.358627000000000140e-01,3.217151999999999790e-01,3.592657000000000211e-01,3.252821000000000184e-01,3.606365125000000060e-01
2.472039999999999964e+03,3.051723000000000074e-01,3.694914000000000254e-01,3.874542000000000264e-01,3.385929999999999773e-01,3.526575000000000126e-01,3.343401999999999763e-01,4.564197999999999866e-01,3.768602999999999814e-01,3.651235875000000131e-01
2.472289999999999964e+03,3.393813999999999997e-01,3.452598000000000056e-01,4.060836999999999919e-01,3.394052000000000180e-01,3.377904999999999935e-01,3.309644999999999948e-01,3.279290999999999734e-01,3.812960000000000238e-01,3.510137749999999723e-01
2.472529999999999745e+03,3.645112999999999825e-01,2.593859000000000026e-01,4.341484999999999927e-01,3.673795999999999728e-01,3.282184000000000212e-01,3.157659999999999911e-01,3.497897999999999841e-01,3.490725000000000078e-01,3.460340000000000082e-01
2.472769999999999982e+03,3.125798000000000187e-01,3.522377999999999898e-01,3.542950999999999739e-01,2.797780999999999740e-01,2.859796000000000005e-01,3.208727000000000107e-01,3.257637999999999923e-01,3.194877999999999885e-01,3.188743374999999936e-01
2.473019999999999982e+03,2.898209999999999953e-01,3.171841000000000244e-01,4.040441000000000171e-01,2.421117000000000130e-01,2.932249000000000105e-01,2.715460000000000096e-01,3.387635999999999981e-01,3.611950999999999912e-01,3.147363125000000039e-01
2.473259999999999764e+03,2.665809000000000095e-01,3.111013000000000250e-01,3.900580000000000158e-01,2.228603999999999863e-01,2.978284999999999960e-01,2.156781999999999866e-01,3.405688000000000049e-01,2.799238000000000004e-01,2.905749875000000482e-01
2.473500000000000000e+03,2.841636000000000162e-01,3.330312999999999746e-01,3.639167999999999847e-01,2.353325000000000000e-01,3.132699999999999929e-01,2.693388999999999922e-01,3.079767999999999950e-01,3.331552999999999876e-01,3.050231499999999651e-01
2.473750000000000000e+03,3.527263999999999955e-01,2.766674000000000078e-01,4.494288000000000172e-01,2.834157999999999955e-01,3.150202999999999753e-01,2.848194000000000004e-01,3.626342000000000176e-01,3.095902999999999849e-01,3.292878249999999785e-01
2.473990000000000236e+03,2.825243000000000060e-01,2.611337000000000241e-01,3.282552000000000247e-01,2.365142000000000078e-01,2.970890999999999948e-01,2.933629999999999849e-01,3.323019999999999863e-01,3.534590000000000232e-01,2.980800625000000204e-01
2.474230000000000018e+03,2.674746000000000068e-01,3.140834000000000126e-01,2.548340000000000050e-01,2.595025000000000248e-01,3.085083000000000131e-01,2.514132000000000033e-01,2.463029999999999942e-01,3.170219000000000231e-01,2.773926124999999687e-01
2.474479999999999563e+03,2.484088999999999881e-01,2.928178000000000170e-01,2.630275999999999725e-01,2.896627999999999981e-01,2.464567000000000008e-01,2.482706000000000079e-01,3.444420000000000259e-01,2.573152000000000217e-01,2.738001999999999936e-01
2.474720000000000255e+03,2.170205000000000051e-01,2.467566999999999955e-01,2.893860999999999795e-01,2.085657999999999956e-01,1.855301000000000033e-01,1.574393000000000042e-01,3.056210999999999789e-01,2.907842999999999956e-01,2.376379874999999808e-01
2.474960000000000036e+03,2.409951999999999928e-01,2.442140999999999895e-01,3.054873000000000172e-01,2.264753999999999934e-01,2.699629000000000056e-01,2.021261000000000030e-01,2.799050000000000149e-01,2.400034000000000056e-01,2.511461750000000270e-01
2.475210000000000036e+03,1.893045999999999895e-01,2.476394000000000095e-01,2.323649999999999882e-01,1.474808999999999981e-01,2.075629999999999975e-01,2.075603000000000031e-01,2.699145000000000016e-01,2.177824999999999900e-01,2.149512749999999972e-01
2.475449999999999818e+03,2.232011000000000134e-01,2.375124000000000124e-01,3.025804000000000271e-01,2.159685000000000077e-01,2.289445999999999981e-01,2.152882000000000129e-01,2.345452000000000092e-01,2.027032000000000000e-01,2.325929499999999928e-01
2.475699999999999818e+03,2.180773000000000017e-01,2.197482000000000046e-01,2.918223999999999818e-01,2.609161999999999870e-01,2.216032000000000002e-01,2.071183000000000052e-01,2.338752000000000053e-01,2.294548999999999894e-01,2.353269624999999865e-01
2.475940000000000055e+03,1.727016000000000107e-01,2.380214999999999970e-01,2.913337999999999761e-01,2.212552999999999881e-01,2.428253999999999968e-01,2.614535000000000053e-01,2.274702000000000113e-01,2.398305000000000020e-01,2.368614750000000158e-01
2.476190000000000055e+03,2.115284000000000053e-01,2.775962000000000152e-01,3.795449000000000184e-01,2.292208000000000023e-01,2.453757000000000021e-01,2.752327999999999997e-01,2.256741999999999915e-01,2.196830999999999923e-01,2.579820125000000242e-01
2.476430000000000291e+03,2.190102999999999911e-01,3.401959999999999984e-01,2.107220999999999955e-01,2.843519999999999937e-01,3.078484000000000220e-01,2.516645000000000132e-01,2.979569000000000245e-01,3.488876000000000199e-01,2.825797250000000038e-01
2.476670000000000073e+03,3.197972000000000037e-01,3.158274999999999832e-01,3.678353999999999790e-01,2.721253000000000144e-01,3.074466000000000143e-01,3.091409999999999991e-01,3.338975000000000137e-01,3.025477999999999779e-01,3.160772874999999704e-01
2.476919999999999618e+03,3.379982000000000264e-01,2.785081999999999836e-01,3.684469000000000216e-01,2.694153000000000242e-01,3.271106999999999765e-01,3.000785000000000258e-01,3.599106000000000249e-01,3.062645999999999979e-01,3.184666250000000032e-01
2.477159999999999854e+03,3.263061999999999907e-01,3.297547000000000117e-01,3.979674000000000267e-01,3.573075000000000001e-01,3.257734999999999936e-01,3.451044999999999807e-01,3.972291000000000016e-01,3.428518999999999872e-01,3.527868499999999852e-01
2.477409999999999854e+03,2.170569999999999999e-01,3.941703999999999763e-01,4.849779000000000173e-01,3.559758000000000089e-01,3.802594999999999725e-01,3.408070000000000266e-01,4.220475000000000199e-01,3.674656000000000033e-01,3.703450875000000031e-01
2.477650000000000091e+03,4.208609999999999851e-01,3.928358000000000128e-01,5.107694999999999874e-01,4.840577999999999825e-01,4.217195000000000249e-01,3.771800000000000153e-01,4.813669999999999893e-01,4.217969999999999775e-01,4.388234500000000038e-01
2.477900000000000091e+03,4.510244999999999949e-01,4.836996000000000073e-01,5.630536000000000429e-01,4.736062999999999801e-01,4.282434999999999992e-01,4.162405000000000133e-01,4.560045999999999822e-01,4.482540999999999887e-01,4.650158374999999733e-01
2.478139999999999873e+03,4.330919999999999770e-01,5.072872000000000492e-01,5.291637000000000146e-01,5.090354000000000267e-01,4.422497000000000233e-01,4.404306000000000054e-01,4.979034999999999989e-01,4.439320999999999962e-01,4.753867750000000392e-01
2.478389999999999873e+03,4.062841999999999842e-01,5.212202999999999697e-01,6.126411999999999969e-01,4.432879000000000125e-01,4.180213999999999874e-01,3.511709000000000080e-01,4.964131999999999989e-01,4.476968000000000059e-01,4.620919875000000787e-01
2.478630000000000109e+03,4.527313000000000032e-01,4.711493999999999960e-01,5.262499000000000482e-01,4.455752000000000046e-01,4.554163999999999990e-01,4.661219999999999808e-01,5.407537999999999512e-01,4.446297000000000166e-01,4.753284624999999930e-01
2.478880000000000109e+03,4.713626000000000205e-01,4.744097999999999926e-01,5.437817999999999818e-01,3.348587000000000091e-01,4.617575999999999903e-01,3.935426000000000202e-01,5.293295000000000083e-01,4.918866000000000072e-01,4.626161500000000038e-01
2.479119999999999891e+03,4.517576999999999843e-01,4.706616000000000133e-01,5.115948000000000162e-01,5.057317999999999536e-01,4.655990999999999880e-01,3.987456999999999807e-01,5.764137999999999762e-01,4.508011000000000101e-01,4.789132000000000389e-01
2.479369999999999891e+03,4.925929000000000002e-01,5.305444999999999744e-01,6.097643000000000368e-01,5.115773999999999599e-01,5.072866999999999793e-01,5.041141000000000094e-01,5.455088999999999633e-01,5.470726000000000200e-01,5.310576749999998958e-01
2.479620000000000346e+03,4.982563999999999882e-01,6.314326999999999579e-01,7.254707999999999712e-01,5.856038999999999550e-01,5.281344999999999512e-01,5.685274999999999634e-01,6.387639999999999985e-01,6.442723999999999673e-01,6.025577750000000732e-01
2.479860000000000127e+03,6.483090999999999715e-01,6.490466999999999764e-01,7.555391999999999664e-01,6.900787000000000448e-01,7.176517000000000035e-01,5.741889000000000021e-01,7.044297999999999949e-01,6.830509000000000164e-01,6.777868750000000109e-01
2.480109999999999673e+03,6.381911000000000111e-01,8.036096999999999824e-01,8.601777999999999924e-01,8.274299999999999988e-01,7.410198000000000063e-01,6.735352000000000006e-01,7.723290000000000433e-01,7.674284999999999579e-01,7.604651375000001101e-01
2.480349999999999909e+03,1.107237999999999944e+00,9.646818999999999811e-01,1.005964000000000080e+00,9.205090000000000217e-01,1.022597999999999896e+00,8.845832000000000139e-01,1.050885000000000069e+00,9.587478000000000389e-01,9.894008625000000334e-01
2.480599999999999909e+03,1.206808000000000103e+00,1.363703000000000110e+00,1.342921999999999949e+00,1.156933999999999907e+00,1.348163999999999918e+00,1.415566000000000102e+00,1.344143000000000088e+00,1.316262000000000043e+00,1.311812750000000083e+00
2.480850000000000364e+03,1.537546000000000079e+00,1.549776000000000042e+00,1.556937999999999933e+00,1.602236999999999911e+00,1.781560999999999950e+00,1.647675000000000001e+00,1.627350999999999992e+00,1.683818000000000037e+00,1.623362749999999854e+00
2.481090000000000146e+03,2.264063000000000159e+00,2.115517999999999788e+00,2.060258999999999840e+00,2.070066000000000184e+00,2.143740000000000201e+00,2.251339999999999897e+00,2.073262000000000160e+00,2.058729000000000031e+00,2.129622125000000032e+00
2.481339999999999691e+03,3.085503000000000107e+00,2.858769000000000116e+00,2.934736000000000011e+00,3.130592000000000041e+00,3.094793000000000127e+00,3.154952000000000201e+00,3.053207000000000004e+00,2.992316000000000198e+00,3.038108499999999879e+00
2.481579999999999927e+03,4.086915000000000298e+00,4.071663000000000032e+00,3.592525000000000190e+00,4.212098000000000120e+00,3.872993999999999826e+00,4.005107999999999890e+00,4.036192999999999920e+00,4.115393000000000079e+00,3.999111125000000211e+00
2.481829999999999927e+03,4.682515000000000427e+00,4.799560999999999744e+00,4.551883000000000123e+00,4.722285000000000288e+00,4.807790999999999926e+00,5.076767000000000252e+00,4.767038000000000331e+00,4.663726999999999734e+00,4.758945875000000214e+00
2.482079999999999927e+03,5.142641000000000240e+00,4.986724999999999852e+00,4.902324000000000126e+00,5.075008999999999659e+00,4.906035000000000146e+00,5.041447999999999929e+00,4.491230999999999973e+00,5.181318000000000090e+00,4.965841374999999225e+00
2.482320000000000164e+03,4.726619999999999600e+00,4.655943999999999861e+00,4.351409999999999556e+00,4.432758999999999894e+00,4.657267000000000046e+00,4.942796000000000411e+00,4.816900999999999655e+00,4.720746000000000109e+00,4.663055374999999891e+00
2.482570000000000164e+03,4.288270999999999944e+00,4.224332999999999672e+00,3.923111000000000015e+00,4.269420000000000215e+00,4.255364000000000146e+00,4.236012999999999806e+00,4.087780999999999665e+00,4.113656999999999897e+00,4.174743749999999309e+00
2.482819999999999709e+03,3.674446000000000101e+00,3.636060000000000070e+00,3.507505999999999791e+00,3.579435999999999840e+00,3.686415999999999915e+00,3.803955999999999893e+00,3.576674999999999827e+00,3.703991999999999951e+00,3.646060874999999868e+00
2.483059999999999945e+03,2.868234999999999868e+00,3.142221999999999849e+00,3.018457999999999863e+00,2.779776000000000025e+00,3.048130000000000006e+00,3.090669000000000111e+00,2.981797999999999949e+00,2.992647999999999975e+00,2.990242000000000289e+00
2.483309999999999945e+03,2.342978000000000005e+00,2.285146000000000122e+00,2.286925000000000097e+00,2.146173999999999804e+00,2.258351999999999915e+00,2.407621999999999929e+00,2.386855999999999867e+00,2.372684000000000015e+00,2.310842124999999747e+00
2.483560000000000400e+03,1.978993000000000002e+00,1.887677000000000049e+00,1.872298999999999936e+00,1.805992999999999959e+00,1.995484000000000036e+00,1.862648999999999999e+00,1.950236999999999998e+00,1.835947999999999913e+00,1.898659999999999792e+00
2.483809999999999945e+03,1.538062000000000040e+00,1.323606000000000060e+00,1.557617000000000029e+00,1.688001000000000085e+00,1.517018999999999895e+00,1.515227000000000102e+00,1.638560999999999934e+00,1.489765000000000006e+00,1.533482249999999825e+00
2.484049999999999727e+03,1.437535000000000007e+00,1.176598000000000033e+00,1.384066999999999936e+00,1.379361999999999977e+00,1.359413999999999900e+00,1.299120999999999970e+00,1.410133000000000081e+00,1.280237999999999987e+00,1.340808500000000070e+00
2.484300000000000182e+03,1.193940000000000001e+00,1.202009000000000105e+00,1.091008999999999896e+00,1.203627000000000002e+00,1.282416999999999918e+00,1.325825999999999949e+00,1.083839999999999915e+00,1.284002000000000088e+00,1.208333749999999984e+00
2.484550000000000182e+03,1.143651999999999891e+00,1.123051000000000021e+00,1.209486000000000061e+00,1.116190000000000015e+00,1.123610999999999915e+00,1.103221999999999925e+00,1.103382000000000085e+00,1.090548000000000073e+00,1.126642749999999804e+00
2.484799999999999727e+03,1.036983999999999906e+00,1.074287999999999910e+00,1.011125000000000052e+00,1.018742999999999954e+00,9.325622000000000078e-01,1.188911999999999969e+00,1.126595000000000013e+00,9.124425000000000452e-01,1.037706462500000093e+00
2.485039999999999964e+03,1.029638000000000053e+00,1.034337000000000062e+00,9.628533000000000230e-01,9.997175000000000367e-01,1.006075999999999970e+00,9.444268999999999581e-01,9.535852000000000217e-01,9.912872000000000350e-01,9.902401375000000616e-01
2.485289999999999964e+03,8.755397000000000318e-01,9.432120000000000504e-01,1.057662000000000102e+00,8.295506000000000268e-01,9.688421999999999867e-01,9.275649000000000255e-01,9.971776999999999447e-01,1.057876000000000039e+00,9.571781375000000258e-01
2.485539999999999964e+03,8.342578000000000493e-01,9.457830999999999877e-01,8.868084999999999996e-01,9.251036000000000259e-01,9.036222999999999894e-01,1.009849999999999914e+00,8.553623999999999672e-01,9.081464999999999677e-01,9.086167749999999321e-01
2.485789999999999964e+03,8.165841999999999823e-01,7.478582000000000285e-01,9.153284999999999894e-01,9.050447000000000353e-01,9.268102999999999758e-01,8.603709999999999969e-01,7.324443000000000481e-01,7.986644999999999994e-01,8.378882125000000070e-01
2.486029999999999745e+03,8.830993999999999788e-01,8.918336000000000041e-01,8.870576000000000016e-01,7.729082999999999926e-01,7.783339999999999703e-01,8.016666000000000070e-01,8.176752000000000464e-01,7.627068999999999654e-01,8.244101999999999819e-01
2.486279999999999745e+03,6.948311999999999822e-01,8.775055999999999967e-01,8.749316000000000315e-01,7.242414999999999825e-01,7.614786000000000055e-01,7.003125000000000044e-01,8.397864000000000440e-01,7.885828000000000282e-01,7.827087750000001343e-01
2.486530000000000200e+03,7.182950000000000168e-01,8.390193999999999708e-01,8.776367999999999947e-01,7.564904000000000073e-01,7.523969000000000351e-01,8.197524999999999951e-01,8.655625999999999598e-01,8.031268000000000296e-01,8.040350499999999734e-01
2.486780000000000200e+03,6.664447000000000010e-01,7.706760000000000277e-01,9.081662999999999819e-01,7.834645000000000081e-01,7.217554999999999943e-01,7.686652999999999958e-01,8.422703000000000273e-01,8.142924000000000273e-01,7.844668750000000079e-01
2.487029999999999745e+03,7.092619999999999481e-01,7.041975000000000318e-01,8.611396000000000051e-01,7.419664000000000259e-01,7.022175000000000500e-01,7.886783000000000543e-01,6.759186000000000361e-01,7.185496999999999579e-01,7.377411999999999859e-01
2.487280000000000200e+03,7.499312999999999674e-01,7.934425000000000505e-01,7.833035000000000414e-01,7.983352999999999700e-01,7.890038000000000329e-01,7.946028000000000535e-01,7.182427000000000117e-01,7.660453000000000401e-01,7.741134000000000626e-01
2.487519999999999982e+03,7.013443999999999789e-01,7.643543999999999894e-01,7.427546000000000426e-01,8.162736000000000436e-01,7.469185999999999881e-01,7.586458000000000368e-01,8.286198999999999648e-01,7.596477999999999842e-01,7.648198874999998509e-01
2.487769999999999982e+03,7.553771999999999709e-01,6.597186999999999912e-01,8.052340999999999527e-01,7.771160999999999763e-01,8.332910999999999513e-01,6.392506999999999495e-01,6.789479000000000486e-01,8.247797999999999519e-01,7.467144499999999185e-01
2.488019999999999982e+03,7.531052000000000302e-01,7.053293000000000479e-01,7.165017000000000191e-01,7.294629000000000252e-01,8.025563000000000002e-01,7.110090999999999495e-01,7.380704999999999627e-01,7.804362999999999717e-01,7.420589125000000008e-01
2.488269999999999982e+03,7.555494000000000376e-01,7.181254999999999722e-01,7.971865000000000201e-01,6.832768000000000175e-01,7.772930999999999591e-01,6.992447999999999997e-01,7.657363999999999837e-01,6.699566999999999606e-01,7.332961500000000354e-01
2.488519999999999982e+03,7.940498000000000278e-01,7.114209000000000227e-01,7.398552999999999935e-01,6.156914999999999472e-01,8.589012999999999787e-01,8.269790999999999670e-01,7.701886999999999484e-01,7.616228999999999916e-01,7.598386874999999430e-01
2.488769999999999982e+03,7.934440000000000381e-01,8.036683000000000021e-01,9.062082999999999666e-01,7.672466999999999482e-01,7.034120000000000372e-01,8.032941999999999583e-01,8.214331999999999745e-01,7.319164999999999699e-01,7.913278999999998620e-01
2.489019999999999982e+03,8.737015000000000198e-01,7.463712000000000124e-01,7.784617000000000342e-01,7.101043000000000216e-01,7.875491999999999493e-01,7.889713000000000420e-01,8.962491999999999681e-01,7.287044999999999773e-01,7.887641125000000031e-01
2.489269999999999982e+03,8.037575999999999610e-01,9.540750999999999538e-01,9.188667000000000362e-01,7.147521999999999487e-01,8.741552999999999685e-01,8.732486000000000415e-01,7.590078000000000102e-01,8.486272999999999733e-01,8.433113249999999450e-01
2.489519999999999982e+03,7.740903999999999563e-01,7.934278000000000164e-01,8.046029000000000098e-01,8.539972999999999592e-01,8.286135000000000028e-01,7.610546999999999729e-01,9.106081999999999788e-01,7.459816999999999698e-01,8.090470624999999139e-01
2.489769999999999982e+03,8.594910000000000050e-01,7.330248000000000319e-01,8.547502999999999629e-01,8.833587999999999996e-01,8.493992999999999682e-01,8.598696999999999591e-01,9.051466000000000234e-01,8.964221999999999468e-01,8.551828375000000149e-01
2.490009999999999764e+03,8.830443000000000042e-01,7.779352000000000489e-01,8.594135000000000524e-01,8.629930999999999575e-01,8.912976999999999705e-01,9.001430999999999738e-01,8.875520999999999550e-01,8.556498999999999633e-01,8.647536124999999352e-01
2.490260000000000218e+03,9.499106999999999967e-01,7.637171000000000376e-01,9.521100000000000119e-01,8.553644000000000247e-01,8.494192999999999882e-01,8.017577999999999649e-01,1.078227999999999964e+00,7.911232000000000264e-01,8.802038125000000157e-01
2.490510000000000218e+03,9.198579999999999535e-01,9.651653999999999511e-01,8.621100999999999903e-01,9.623072000000000292e-01,9.286520000000000330e-01,9.854749999999999899e-01,9.358904999999999585e-01,9.912473000000000534e-01,9.438381875000000365e-01
2.490759999999999764e+03,1.002256999999999953e+00,9.941069000000000155e-01,1.022779000000000105e+00,9.661615999999999538e-01,9.255957999999999686e-01,8.977017000000000468e-01,9.783663000000000221e-01,1.021857999999999933e+00,9.761032874999999720e-01
2.491010000000000218e+03,1.019579000000000013e+00,9.045938999999999508e-01,1.162330000000000085e+00,1.117337000000000025e+00,1.117431999999999981e+00,1.079179000000000110e+00,1.108657000000000004e+00,9.429003999999999719e-01,1.056501037499999907e+00
2.491260000000000218e+03,1.119299999999999962e+00,1.095266999999999991e+00,1.043663999999999925e+00,1.143431000000000086e+00,1.083801000000000014e+00,1.052116000000000051e+00,1.136501999999999901e+00,1.056213000000000068e+00,1.091286750000000083e+00
2.491509999999999764e+03,1.012872999999999912e+00,9.642424000000000550e-01,1.024332999999999938e+00,1.005292000000000074e+00,1.033214999999999995e+00,9.890166999999999708e-01,1.148714000000000013e+00,1.078743999999999925e+00,1.032053762499999916e+00
2.491760000000000218e+03,1.078162999999999982e+00,9.483981999999999690e-01,1.157942000000000027e+00,1.061914999999999942e+00,1.160311000000000092e+00,1.167129000000000083e+00,1.020477000000000078e+00,1.093787000000000065e+00,1.086015275000000058e+00
2.492010000000000218e+03,1.274947999999999970e+00,1.093223000000000056e+00,1.182407999999999904e+00,1.135002000000000066e+00,1.155046000000000017e+00,1.051984999999999948e+00,1.171791000000000027e+00,1.220326000000000022e+00,1.160591125000000057e+00
2.492259999999999764e+03,1.125985999999999931e+00,1.085450999999999944e+00,1.068294000000000077e+00,1.217557999999999918e+00,1.279841000000000006e+00,1.106711999999999918e+00,1.095401000000000069e+00,1.223371999999999904e+00,1.150326874999999971e+00
2.492509999999999764e+03,1.056089999999999973e+00,1.043822999999999945e+00,1.024677000000000060e+00,1.007980000000000098e+00,1.135288000000000075e+00,1.169921999999999906e+00,1.117598000000000091e+00,1.054105000000000070e+00,1.076185375000000111e+00
2.492760000000000218e+03,1.203675000000000050e+00,1.215713999999999961e+00,1.138541999999999943e+00,1.031506000000000034e+00,1.326543999999999945e+00,1.178306999999999993e+00,1.164131999999999945e+00,1.139766000000000057e+00,1.174773250000000102e+00
2.493019999999999982e+03,1.178938000000000041e+00,1.231360000000000010e+00,1.180768000000000040e+00,1.104473000000000038e+00,1.160044000000000075e+00,1.179667999999999939e+00,1.157181999999999933e+00,1.067079000000000111e+00,1.157439000000000107e+00
2.493269999999999982e+03,1.272483000000000031e+00,1.228876999999999997e+00,1.227700000000000014e+00,1.178793999999999897e+00,1.103906000000000054e+00,1.106100000000000083e+00,1.190689000000000108e+00,1.217845999999999984e+00,1.190799375000000104e+00
2.493519999999999982e+03,1.103307000000000038e+00,1.177556999999999965e+00,1.212293999999999983e+00,1.109707999999999917e+00,9.620359000000000549e-01,1.222480000000000011e+00,1.185899999999999954e+00,1.241268000000000038e+00,1.151818737500000189e+00
2.493769999999999982e+03,1.138474999999999904e+00,1.258418999999999954e+00,1.246070000000000011e+00,1.093617000000000061e+00,1.173035999999999968e+00,1.144635000000000069e+00,1.252448000000000006e+00,1.216734999999999900e+00,1.190429374999999901e+00
2.494019999999999982e+03,1.191082999999999892e+00,1.152233999999999980e+00,1.091394999999999893e+00,1.255120999999999931e+00,1.080103999999999953e+00,1.113599999999999923e+00,1.179135000000000044e+00,1.278496000000000077e+00,1.167646000000000184e+00
2.494270000000000437e+03,1.089255000000000084e+00,1.153537999999999952e+00,1.234631000000000034e+00,1.114282999999999912e+00,1.089939999999999909e+00,1.210161999999999960e+00,1.140217000000000036e+00,1.118943999999999939e+00,1.143871250000000117e+00
2.494519999999999982e+03,1.204887000000000041e+00,1.166774999999999896e+00,1.185430999999999901e+00,1.150258999999999920e+00,1.252008999999999928e+00,1.201581999999999928e+00,9.781516000000000099e-01,1.001641999999999921e+00,1.142592075000000040e+00
2.494769999999999982e+03,1.176638000000000073e+00,1.107440999999999898e+00,1.140225000000000044e+00,1.029519000000000073e+00,1.248264999999999958e+00,1.182531999999999917e+00,1.226908000000000110e+00,1.129205000000000014e+00,1.155091625000000066e+00
2.495019999999999982e+03,1.183578000000000019e+00,1.353749000000000091e+00,1.220830000000000082e+00,1.091342999999999952e+00,1.102618000000000098e+00,1.213125000000000009e+00,1.110732999999999970e+00,1.147567000000000004e+00,1.177942875000000056e+00
2.495269999999999982e+03,1.133277000000000090e+00,1.050723000000000074e+00,1.268440999999999930e+00,1.105947000000000013e+00,1.111839999999999939e+00,1.175702999999999943e+00,1.313900000000000068e+00,1.329355999999999982e+00,1.186148375000000144e+00
2.495530000000000200e+03,1.221356000000000108e+00,1.269370000000000109e+00,1.152608999999999995e+00,1.081973999999999991e+00,1.290556999999999954e+00,1.139829999999999899e+00,1.101299000000000028e+00,1.243727999999999945e+00,1.187590375000000087e+00
2.495779999999999745e+03,1.103175999999999934e+00,1.216204999999999981e+00,1.250586999999999893e+00,1.142276999999999987e+00,1.265020999999999951e+00,1.255109999999999948e+00,1.086745999999999990e+00,1.357247000000000092e+00,1.209546125000000139e+00
2.496030000000000200e+03,1.286404000000000103e+00,1.134859000000000062e+00,1.126837000000000089e+00,1.224412999999999974e+00,1.365785999999999945e+00,1.368039999999999923e+00,1.193065000000000042e+00,1.189842000000000066e+00,1.236155749999999998e+00
2.496280000000000200e+03,1.150999000000000105e+00,1.165008999999999961e+00,1.073129000000000000e+00,1.335256999999999916e+00,1.393858999999999959e+00,1.208379000000000092e+00,1.349331999999999976e+00,1.124908999999999937e+00,1.225109125000000132e+00
2.496529999999999745e+03,1.335995999999999961e+00,1.305571000000000037e+00,1.273644999999999916e+00,1.216723999999999917e+00,1.311582999999999943e+00,1.289536999999999933e+00,1.310972000000000026e+00,1.335965999999999987e+00,1.297499249999999993e+00
2.496789999999999964e+03,1.305860999999999938e+00,1.155391999999999975e+00,1.156395999999999979e+00,1.220258000000000065e+00,1.304257000000000000e+00,1.206458000000000030e+00,1.361981000000000108e+00,1.251096999999999904e+00,1.245212500000000055e+00
2.497039999999999964e+03,1.188865999999999978e+00,1.373035999999999923e+00,1.182468000000000075e+00,1.271025999999999989e+00,1.272834000000000021e+00,1.314694000000000029e+00,1.324235999999999969e+00,1.226425000000000098e+00,1.269198125000000177e+00
2.497289999999999964e+03,1.292305000000000037e+00,1.271092000000000111e+00,1.297072000000000003e+00,1.259835999999999956e+00,1.336032000000000108e+00,1.357069999999999999e+00,1.370949999999999891e+00,1.187859999999999916e+00,1.296527125000000114e+00
2.497539999999999964e+03,1.207262000000000057e+00,1.305938000000000043e+00,1.252750999999999948e+00,1.352662000000000031e+00,1.248918999999999890e+00,1.241484000000000032e+00,1.159006999999999898e+00,1.280842999999999954e+00,1.256108250000000037e+00
2.497789999999999964e+03,1.310853000000000046e+00,1.297001000000000071e+00,1.356397000000000075e+00,1.077965999999999980e+00,1.395319999999999894e+00,1.185000000000000053e+00,1.215670000000000028e+00,1.377416999999999891e+00,1.276952999999999783e+00
2.498050000000000182e+03,1.308340000000000058e+00,1.235352999999999923e+00,1.193597999999999937e+00,1.169731000000000076e+00,1.174825000000000008e+00,1.325617999999999963e+00,1.183853000000000044e+00,1.187521000000000049e+00,1.222354875000000174e+00
2.498300000000000182e+03,1.273295000000000066e+00,1.240208999999999895e+00,1.222701999999999956e+00,1.317758999999999903e+00,1.176366000000000023e+00,1.274628000000000094e+00,1.298459999999999948e+00,1.283403000000000072e+00,1.260852749999999967e+00
2.498549999999999727e+03,1.240577999999999959e+00,1.357183999999999946e+00,1.312942999999999971e+00,1.243217999999999934e+00,1.118600000000000039e+00,1.199726000000000070e+00,1.235648000000000080e+00,1.163175000000000070e+00,1.233883999999999981e+00
2.498800000000000182e+03,1.238594999999999891e+00,1.173637999999999959e+00,1.112384000000000039e+00,1.254328000000000110e+00,1.339876000000000067e+00,1.172806000000000015e+00,1.320119999999999960e+00,1.217613000000000056e+00,1.228669999999999929e+00
2.499059999999999945e+03,1.243827999999999934e+00,1.248156999999999961e+00,1.196604000000000001e+00,1.261535999999999991e+00,1.438766999999999907e+00,1.123248000000000024e+00,1.296319999999999917e+00,1.231039999999999912e+00,1.254937500000000039e+00
2.499309999999999945e+03,1.146619999999999973e+00,1.279875000000000096e+00,1.326708999999999916e+00,1.344333000000000000e+00,1.058791000000000038e+00,1.302148000000000083e+00,1.302912000000000070e+00,1.163027999999999951e+00,1.240552000000000099e+00
2.499559999999999945e+03,1.251746000000000025e+00,1.333150000000000057e+00,1.046394999999999964e+00,1.416959000000000080e+00,1.262558000000000069e+00,1.326731000000000105e+00,1.232091000000000047e+00,1.175975999999999910e+00,1.255700750000000143e+00
2.499820000000000164e+03,1.283905000000000074e+00,1.270219999999999905e+00,1.242170999999999914e+00,1.124805000000000055e+00,1.113955000000000028e+00,1.218820999999999932e+00,1.231775999999999982e+00,1.240037000000000056e+00,1.215711250000000021e+00
2.500070000000000164e+03,1.288634999999999975e+00,1.252083000000000057e+00,1.259182999999999941e+00,1.317479000000000067e+00,1.159783999999999926e+00,1.268326000000000064e+00,1.250401000000000096e+00,1.346540000000000070e+00,1.267803875000000247e+00
2.500319999999999709e+03,1.191467999999999972e+00,1.223178000000000099e+00,1.317682999999999938e+00,1.170617999999999936e+00,1.216609999999999969e+00,1.292726999999999959e+00,9.915228000000000375e-01,1.248642999999999947e+00,1.206556224999999927e+00
2.500579999999999927e+03,1.284902999999999906e+00,1.211252999999999913e+00,1.200125000000000108e+00,1.189777000000000085e+00,1.273649000000000031e+00,1.243892999999999915e+00,1.238110999999999962e+00,1.188730999999999982e+00,1.228805250000000182e+00
2.500829999999999927e+03,1.381671000000000094e+00,1.346071999999999935e+00,1.084541999999999895e+00,1.278348000000000040e+00,1.215041000000000038e+00,1.020599000000000034e+00,1.110003000000000073e+00,1.100516999999999967e+00,1.192099125000000148e+00
2.501079999999999927e+03,1.170249000000000095e+00,1.234421999999999908e+00,1.273198000000000052e+00,1.212215999999999960e+00,1.142641999999999936e+00,1.185044999999999904e+00,1.180188000000000015e+00,1.185054000000000052e+00,1.197876749999999824e+00
2.501339999999999691e+03,1.221135000000000081e+00,1.287118999999999902e+00,1.132719000000000031e+00,1.337196999999999969e+00,1.232077000000000089e+00,1.269759000000000082e+00,1.148519999999999985e+00,1.180751000000000106e+00,1.226159624999999975e+00
2.501590000000000146e+03,1.184342000000000006e+00,1.287668999999999953e+00,1.176320000000000032e+00,1.263749999999999929e+00,1.143448999999999938e+00,9.878122999999999765e-01,1.187953999999999954e+00,1.136700000000000044e+00,1.170999537499999965e+00
2.501849999999999909e+03,1.232723000000000013e+00,1.215273999999999965e+00,1.260480000000000045e+00,1.146150999999999920e+00,1.232583999999999902e+00,1.109941000000000066e+00,1.112136000000000013e+00,1.161963999999999997e+00,1.183906624999999879e+00
2.502099999999999909e+03,1.000707999999999931e+00,1.131123000000000101e+00,1.011409000000000002e+00,1.300019999999999953e+00,1.117358000000000073e+00,1.063938999999999968e+00,1.110397000000000078e+00,1.134671999999999903e+00,1.108703250000000029e+00
2.502349999999999909e+03,1.092710999999999988e+00,1.154293000000000013e+00,1.114349999999999952e+00,1.128279999999999950e+00,1.129629999999999912e+00,1.130767999999999995e+00,1.180932000000000093e+00,1.080573000000000006e+00,1.126442124999999850e+00
2.502609999999999673e+03,9.831442000000000236e-01,1.106173999999999991e+00,1.078419000000000016e+00,1.033706999999999931e+00,1.154225999999999974e+00,1.162330000000000085e+00,9.190833999999999948e-01,1.121744000000000074e+00,1.069853450000000095e+00
2.502860000000000127e+03,1.114301999999999904e+00,1.130822999999999912e+00,1.061029000000000000e+00,1.049611000000000072e+00,1.118265999999999982e+00,1.169856000000000007e+00,1.060826999999999964e+00,9.906620999999999899e-01,1.086922012500000090e+00
2.503119999999999891e+03,1.000852000000000075e+00,1.153839000000000059e+00,1.162922999999999929e+00,1.012194000000000038e+00,9.321152000000000326e-01,1.170272999999999897e+00,1.063374999999999959e+00,1.044229000000000074e+00,1.067475025000000022e+00
2.503369999999999891e+03,1.092662999999999940e+00,1.048804000000000070e+00,1.000871000000000066e+00,1.053838999999999970e+00,9.728324999999999889e-01,9.932874999999999899e-01,1.050103999999999926e+00,9.540992999999999835e-01,1.020812537500000117e+00
2.503620000000000346e+03,1.118681000000000036e+00,1.026806000000000108e+00,1.009605000000000086e+00,9.870740999999999543e-01,1.105401000000000078e+00,1.042291000000000079e+00,1.091083999999999943e+00,1.088745999999999992e+00,1.058711012500000104e+00
2.503880000000000109e+03,1.000990000000000046e+00,1.055542999999999898e+00,1.041028000000000064e+00,1.013055000000000039e+00,1.057442999999999911e+00,1.051946000000000048e+00,1.084476999999999913e+00,9.625584000000000362e-01,1.033380050000000105e+00
2.504130000000000109e+03,8.838361000000000134e-01,9.742705000000000393e-01,1.047271000000000063e+00,9.777514999999999956e-01,1.021676999999999946e+00,1.121901000000000037e+00,1.089202000000000004e+00,9.028994999999999660e-01,1.002351074999999980e+00
2.504389999999999873e+03,1.096765999999999908e+00,1.067600000000000104e+00,1.156946000000000030e+00,1.104473000000000038e+00,1.039160000000000084e+00,1.053717000000000015e+00,9.862545000000000339e-01,8.740710000000000424e-01,1.047373437500000115e+00
2.504640000000000327e+03,1.043407999999999891e+00,1.021657000000000037e+00,9.607063000000000130e-01,1.024664000000000019e+00,1.024499999999999966e+00,1.067539000000000016e+00,9.119538999999999840e-01,9.650788000000000144e-01,1.002438375000000104e+00
2.504900000000000091e+03,1.063608000000000109e+00,9.903345000000000065e-01,1.038691999999999949e+00,8.568181000000000269e-01,9.500448999999999700e-01,1.041276000000000090e+00,1.028523000000000076e+00,1.060648999999999953e+00,1.003743187500000023e+00
2.505150000000000091e+03,9.945386999999999977e-01,9.216760999999999981e-01,8.448898999999999715e-01,9.685823000000000071e-01,1.014771000000000090e+00,8.735481000000000495e-01,9.114600000000000479e-01,9.871573999999999627e-01,9.395779374999999600e-01
2.505409999999999854e+03,9.226600999999999830e-01,9.224305999999999894e-01,9.349859000000000364e-01,9.174082000000000070e-01,8.480847000000000246e-01,8.723435999999999968e-01,8.149336999999999831e-01,9.015828000000000175e-01,8.918036999999999770e-01
2.505660000000000309e+03,1.024067999999999978e+00,9.908253000000000199e-01,8.917034999999999823e-01,9.926089000000000162e-01,9.917232000000000269e-01,8.994073999999999680e-01,9.500777000000000250e-01,9.148764999999999814e-01,9.569113125000001663e-01
2.505920000000000073e+03,8.805313000000000168e-01,9.256830000000000336e-01,9.408686000000000549e-01,9.432485999999999926e-01,8.920116999999999630e-01,8.026041000000000425e-01,9.041730999999999518e-01,9.554359999999999520e-01,9.055695499999999454e-01
2.506180000000000291e+03,9.275208999999999815e-01,8.846256000000000119e-01,8.160821999999999798e-01,9.207958000000000531e-01,9.009998999999999647e-01,8.829164999999999930e-01,8.431722000000000383e-01,9.742028999999999828e-01,8.937895000000000145e-01
2.506429999999999836e+03,8.484682000000000057e-01,9.372932999999999959e-01,8.851166999999999785e-01,9.933758000000000310e-01,8.677561000000000302e-01,8.592967999999999718e-01,9.629050000000000109e-01,8.525177000000000449e-01,9.008412000000000086e-01
2.506690000000000055e+03,8.722693999999999726e-01,8.790145999999999793e-01,8.223203000000000040e-01,9.732901999999999942e-01,9.149793999999999983e-01,9.047199000000000213e-01,9.099568000000000101e-01,9.604236999999999913e-01,9.046217874999999964e-01
2.506940000000000055e+03,8.385884000000000116e-01,9.365021999999999514e-01,8.044173999999999491e-01,8.343386000000000413e-01,8.156282999999999728e-01,8.697394999999999987e-01,9.285105000000000164e-01,9.774348000000000480e-01,8.756449624999999015e-01
2.507200000000000273e+03,8.064358000000000359e-01,9.766365000000000185e-01,8.283325999999999745e-01,9.755441999999999725e-01,8.206995999999999736e-01,9.479946000000000206e-01,7.306548000000000487e-01,9.116379000000000010e-01,8.747420000000000195e-01
2.507449999999999818e+03,9.071415000000000450e-01,8.863982999999999723e-01,6.984957000000000527e-01,9.538649000000000155e-01,8.741953000000000085e-01,8.378383999999999832e-01,8.213401000000000174e-01,8.916142000000000234e-01,8.588610500000001258e-01
2.507710000000000036e+03,9.209114000000000466e-01,7.616001999999999494e-01,1.015195999999999987e+00,9.700560000000000294e-01,8.502600000000000158e-01,8.270507000000000275e-01,8.449330999999999925e-01,8.586690999999999629e-01,8.810845625000001125e-01
2.507969999999999800e+03,8.387054000000000453e-01,8.441104000000000385e-01,7.567783999999999622e-01,7.979884999999999895e-01,8.314694999999999725e-01,8.144335000000000324e-01,8.001738000000000461e-01,7.833092000000000388e-01,8.083710874999998630e-01
2.508220000000000255e+03,8.578799000000000285e-01,8.733741999999999894e-01,1.135175999999999963e+00,9.677554000000000434e-01,8.071871999999999936e-01,9.798369999999999580e-01,7.338544000000000178e-01,8.013046000000000335e-01,8.945460874999999756e-01
2.508480000000000018e+03,8.372182999999999709e-01,8.366314000000000251e-01,9.060880999999999519e-01,8.174204999999999943e-01,8.762172000000000294e-01,7.752603999999999607e-01,9.339863999999999944e-01,7.841803999999999997e-01,8.458753374999999908e-01
2.508739999999999782e+03,7.637424000000000435e-01,8.456413000000000402e-01,7.667772000000000476e-01,7.750688999999999496e-01,8.714461999999999486e-01,9.491144000000000247e-01,7.200965999999999756e-01,8.232568999999999582e-01,8.143929874999998875e-01
2.508989999999999782e+03,8.266843999999999859e-01,7.206527000000000349e-01,7.066069000000000377e-01,8.794710000000000027e-01,8.140001000000000042e-01,8.594334999999999614e-01,8.422416999999999820e-01,9.292143000000000486e-01,8.222880750000000072e-01
2.509250000000000000e+03,8.142295000000000504e-01,8.065105000000000190e-01,8.943915000000000060e-01,8.269031999999999494e-01,7.976851000000000358e-01,8.168813999999999798e-01,8.430290000000000283e-01,9.118838999999999695e-01,8.389392624999999493e-01
2.509510000000000218e+03,8.224913999999999836e-01,8.041152000000000299e-01,9.377083000000000501e-01,8.488892000000000104e-01,8.160085999999999729e-01,6.736067999999999500e-01,8.304595000000000171e-01,8.967348000000000541e-01,8.287517249999999391e-01
2.509760000000000218e+03,7.977746000000000004e-01,8.259147999999999490e-01,7.534051000000000498e-01,7.931871999999999812e-01,8.712592999999999588e-01,9.343683000000000405e-01,8.258782999999999541e-01,9.464915000000000411e-01,8.435348875000001634e-01
2.510019999999999982e+03,8.101399000000000239e-01,9.417396000000000100e-01,9.560174000000000172e-01,9.294114999999999460e-01,7.727155999999999469e-01,8.122721000000000524e-01,9.233065999999999773e-01,8.546723999999999988e-01,8.750343875000000660e-01
2.510279999999999745e+03,7.680316999999999839e-01,7.940798000000000023e-01,8.581252999999999798e-01,8.758766999999999525e-01,7.832719000000000209e-01,8.211131999999999875e-01,8.588841000000000392e-01,8.276061000000000112e-01,8.233735999999999278e-01
2.510530000000000200e+03,8.198476000000000097e-01,8.585774999999999935e-01,8.008629000000000442e-01,8.814115000000000144e-01,8.601157999999999859e-01,8.560415999999999581e-01,8.850826000000000526e-01,7.694767999999999608e-01,8.414270374999999191e-01
2.510789999999999964e+03,8.508985999999999494e-01,8.381477000000000510e-01,8.643342999999999998e-01,7.264087999999999656e-01,7.718348000000000431e-01,8.401756999999999698e-01,6.981142999999999654e-01,8.539607999999999643e-01,8.054843750000000302e-01
2.511050000000000182e+03,7.697735999999999468e-01,7.317135999999999640e-01,7.346451000000000509e-01,7.856450999999999851e-01,8.268185000000000118e-01,8.016925999999999775e-01,8.014837000000000211e-01,8.385856000000000421e-01,7.862947250000000832e-01
2.511299999999999727e+03,6.172113000000000183e-01,7.649989999999999846e-01,7.249786999999999759e-01,8.925212999999999619e-01,8.370478999999999559e-01,8.526040999999999759e-01,8.432366000000000028e-01,8.617747999999999520e-01,7.992967125000000062e-01
2.511559999999999945e+03,7.952616000000000129e-01,7.412142999999999926e-01,7.540259999999999740e-01,9.634475000000000122e-01,7.686051000000000410e-01,8.399347999999999814e-01,7.826794999999999725e-01,8.251256000000000146e-01,8.087868000000000279e-01
2.511820000000000164e+03,8.512496999999999980e-01,8.489010000000000167e-01,7.500816999999999624e-01,7.525893000000000166e-01,8.373549000000000131e-01,8.404882000000000186e-01,9.190833999999999948e-01,7.877248999999999501e-01,8.234341374999999408e-01
2.512079999999999927e+03,8.167356000000000060e-01,7.539894000000000318e-01,7.515072000000000418e-01,8.391931999999999725e-01,8.969361999999999613e-01,7.515039000000000025e-01,8.688052000000000552e-01,8.151370000000000005e-01,8.117259625000000645e-01
2.512340000000000146e+03,8.136029999999999651e-01,9.070698000000000372e-01,9.076081000000000287e-01,8.260163000000000366e-01,7.617922000000000304e-01,8.801951999999999554e-01,8.596143000000000534e-01,8.714041999999999621e-01,8.534128875000001058e-01
2.512589999999999691e+03,7.546956000000000220e-01,7.828209999999999891e-01,7.189174999999999871e-01,7.607315999999999523e-01,7.705602000000000285e-01,8.937823999999999769e-01,8.430290000000000283e-01,8.627323999999999549e-01,7.984087125000000063e-01
2.512849999999999909e+03,8.083567000000000391e-01,8.122679999999999900e-01,7.689515999999999574e-01,7.880190999999999724e-01,6.909604999999999775e-01,8.370701999999999865e-01,7.466386999999999885e-01,1.003676000000000013e+00,8.069926000000000599e-01
2.513110000000000127e+03,8.634705000000000297e-01,8.134327000000000085e-01,8.558151999999999981e-01,8.738827999999999596e-01,7.974649000000000321e-01,8.336327000000000043e-01,9.504141000000000394e-01,9.500427000000000177e-01,8.672694499999999973e-01
2.513369999999999891e+03,7.390531000000000184e-01,7.369584000000000135e-01,8.629172999999999982e-01,8.719556000000000529e-01,6.644362000000000323e-01,7.997330000000000272e-01,8.452193999999999541e-01,8.566008999999999984e-01,7.971092374999999564e-01
2.513630000000000109e+03,8.703003000000000267e-01,8.783919000000000032e-01,8.155858000000000274e-01,7.929870999999999448e-01,7.490337999999999719e-01,8.081249000000000349e-01,7.776975000000000415e-01,8.308446999999999916e-01,8.153707500000000330e-01
2.513880000000000109e+03,8.300923999999999525e-01,7.821251999999999649e-01,8.117014999999999647e-01,7.387255000000000349e-01,8.393701000000000079e-01,7.509375000000000355e-01,8.755695999999999479e-01,8.501368999999999732e-01,8.098323374999999436e-01
2.514139999999999873e+03,7.999296000000000184e-01,8.250870000000000148e-01,8.747255000000000447e-01,8.542039999999999633e-01,8.306154000000000037e-01,8.049998999999999905e-01,7.967809000000000141e-01,8.138868000000000213e-01,8.250286374999999950e-01
2.514400000000000091e+03,8.135135000000000005e-01,7.582891999999999966e-01,8.110290999999999473e-01,8.588120000000000198e-01,8.125054000000000443e-01,9.169464999999999977e-01,7.611909999999999510e-01,8.115259000000000222e-01,8.179765749999999835e-01
2.514660000000000309e+03,7.542480999999999769e-01,8.767365000000000297e-01,8.235681000000000251e-01,8.273766000000000176e-01,8.046048000000000089e-01,9.247980000000000089e-01,7.615918999999999883e-01,6.981268999999999947e-01,8.088813625000000895e-01
2.514920000000000073e+03,1.035986000000000073e+00,7.786163999999999863e-01,9.411089999999999733e-01,8.128592999999999513e-01,8.360336999999999907e-01,6.218555999999999528e-01,8.255348000000000130e-01,7.762866000000000488e-01,8.285351749999999571e-01
2.515179999999999836e+03,8.382579000000000002e-01,8.261418000000000372e-01,8.960059999999999691e-01,7.345509999999999540e-01,7.815904000000000185e-01,7.412695000000000256e-01,8.079760999999999749e-01,7.628133000000000274e-01,7.985757500000001397e-01
2.515440000000000055e+03,9.297033999999999576e-01,8.709057000000000048e-01,8.367890000000000050e-01,8.212749000000000299e-01,8.150743999999999767e-01,7.503319999999999990e-01,7.879119999999999457e-01,7.991698999999999886e-01,8.263951625000000023e-01
2.515699999999999818e+03,7.720662999999999832e-01,9.230825000000000280e-01,8.884659000000000306e-01,8.276700000000000168e-01,8.537698999999999705e-01,8.574804000000000315e-01,7.837532000000000387e-01,9.193852999999999609e-01,8.532091875000000769e-01
