energy,s050,s051,s052,s053,s054,mean
2.463119999999999891e+03,-9.654318999999999748e-03,-5.777367000000000266e-03,2.013945999999999911e-04,2.006557999999999866e-03,-6.537695999999999959e-03,-3.952285879999999779e-03
2.463360000000000127e+03,-5.452512999999999978e-03,-1.181245000000000038e-02,-9.238648999999999820e-03,3.913409999999999979e-03,-8.625733999999999485e-03,-6.243187200000000804e-03
2.463599999999999909e+03,-3.131348999999999851e-03,5.155764999999999654e-03,6.987077999999999865e-03,-3.524624000000000073e-03,-4.934479999999999769e-03,1.104779999999999678e-04
2.463839999999999691e+03,3.625966999999999905e-03,-5.875599999999999920e-03,2.018270999999999954e-02,-3.706408999999999919e-03,2.697901999999999852e-03,3.384913999999999284e-03
2.464079999999999927e+03,-3.204620999999999945e-03,3.916184999999999979e-03,-3.265103000000000102e-03,9.948883000000000379e-03,2.804018000000000135e-03,2.039872400000000002e-03
2.464319999999999709e+03,1.808001000000000053e-03,2.945043999999999960e-03,-4.431466999999999698e-03,-4.287774000000000273e-03,1.066539000000000029e-02,1.339838800000000153e-03
2.464559999999999945e+03,5.364395999999999574e-03,5.329275999999999978e-03,-5.510792999999999942e-03,-5.815500999999999830e-03,4.308872000000000049e-03,7.352500000000000095e-04
2.464799999999999727e+03,1.064443999999999980e-02,6.119145000000000313e-03,-4.925175000000000386e-03,1.465457000000000088e-03,-3.782691000000000135e-04,2.585119580000000156e-03
2.465039999999999964e+03,9.033720000000000291e-03,2.285552000000000156e-03,7.272398000000000230e-03,-1.107577000000000041e-02,2.004636000000000178e-03,1.904107200000000220e-03
2.465279999999999745e+03,8.248395999999999853e-03,1.203046999999999971e-02,9.749456999999999568e-03,1.110709000000000002e-02,-8.242216000000000126e-03,6.578639399999999977e-03
2.465519999999999982e+03,1.499374000000000019e-02,6.907222000000000188e-03,3.665755000000000142e-04,-1.107577000000000041e-02,2.221895000000000207e-03,2.682732499999999909e-03
2.465759999999999764e+03,-4.510941000000000083e-03,1.090873000000000016e-02,4.357761999999999834e-04,1.839876000000000011e-02,8.707105999999999180e-03,6.787886239999998961e-03
2.466000000000000000e+03,2.196470999999999840e-02,1.309335999999999920e-03,2.615788999999999961e-02,4.973883999999999597e-03,6.278083999999999748e-03,1.213678080000000006e-02
2.466239999999999782e+03,7.096446999999999651e-03,1.780135000000000051e-02,1.191614000000000041e-02,2.355267000000000124e-02,2.523448999999999831e-02,1.712021940000000089e-02
2.466479999999999563e+03,8.448440999999999243e-03,2.205889999999999934e-02,1.641997999999999982e-03,9.519875000000000559e-03,-3.325105999999999982e-03,7.668821599999998614e-03
2.466719999999999800e+03,1.474911999999999924e-02,1.104230999999999963e-02,2.213123000000000173e-02,9.198414000000000243e-03,3.145496999999999876e-02,1.771520879999999992e-02
2.466960000000000036e+03,6.262123999999999989e-03,4.788697999999999870e-04,4.681997999999999716e-03,1.526361000000000037e-02,1.234609000000000054e-02,7.806538360000001182e-03
2.467200000000000273e+03,1.546023000000000015e-02,1.208337999999999947e-02,1.906837999999999936e-02,2.329472999999999874e-03,2.100157999999999886e-02,1.398860859999999894e-02
2.467449999999999818e+03,3.251323999999999881e-02,2.844344999999999860e-02,3.215148999999999785e-02,4.590513000000000059e-03,1.943312999999999985e-02,2.342636459999999921e-02
2.467690000000000055e+03,1.261262999999999967e-02,3.301600999999999841e-02,3.748601000000000016e-02,1.725128999999999899e-02,3.001498000000000013e-02,2.607618400000000225e-02
2.467929999999999836e+03,3.776258999999999866e-02,2.760813000000000156e-02,3.442397999999999986e-02,3.699945999999999791e-02,2.983227000000000101e-02,3.332528599999999563e-02
2.468170000000000073e+03,7.730111000000000621e-02,7.630592999999999404e-02,5.369208000000000314e-02,9.346701999999999788e-02,4.945522000000000112e-02,7.004427200000000464e-02
2.468409999999999854e+03,1.189624999999999988e-01,1.316317999999999933e-01,1.312421000000000004e-01,8.411048999999999609e-02,1.021162999999999932e-01,1.136126379999999880e-01
2.468649999999999636e+03,1.540356999999999976e-01,1.314347999999999905e-01,1.702000999999999931e-01,1.856269000000000113e-01,1.637338999999999878e-01,1.610062800000000016e-01
2.468889999999999873e+03,1.758433000000000079e-01,1.760976999999999959e-01,9.911330999999999614e-02,1.529362999999999972e-01,1.291519999999999890e-01,1.466285220000000111e-01
2.469139999999999873e+03,1.348459999999999936e-01,1.346707000000000043e-01,1.127945999999999949e-01,8.859511999999999943e-02,1.291025000000000089e-01,1.200017840000000141e-01
2.469380000000000109e+03,1.022903000000000007e-01,1.282019000000000075e-01,8.069608999999999810e-02,1.271731000000000111e-01,5.346408999999999884e-02,9.836509600000001297e-02
2.469619999999999891e+03,8.618009000000000086e-02,1.335176999999999892e-01,9.954735000000000666e-02,6.357930000000000526e-02,9.044117000000000128e-02,9.465312200000000620e-02
2.469860000000000127e+03,1.311212999999999962e-01,1.008990000000000026e-01,1.256011999999999962e-01,1.399096999999999980e-01,6.103056999999999926e-02,1.117123540000000137e-01
2.470099999999999909e+03,1.710936000000000123e-01,1.672057000000000127e-01,1.673976000000000075e-01,1.170092999999999966e-01,1.440545000000000020e-01,1.533521399999999979e-01
2.470349999999999909e+03,2.734753999999999796e-01,2.394715000000000038e-01,2.086011000000000115e-01,2.166128999999999971e-01,2.401790000000000036e-01,2.356679799999999714e-01
2.470590000000000146e+03,3.650287999999999866e-01,3.182344999999999757e-01,2.880197999999999925e-01,2.898742000000000263e-01,2.907197999999999727e-01,3.103754200000000130e-01
2.470829999999999927e+03,3.227092999999999767e-01,3.260898999999999881e-01,3.205753000000000075e-01,3.253803000000000112e-01,3.374747000000000163e-01,3.264459000000000111e-01
2.471070000000000164e+03,3.153355999999999937e-01,3.866815000000000113e-01,3.492013999999999951e-01,3.672574000000000116e-01,3.259001000000000259e-01,3.488751999999999964e-01
2.471320000000000164e+03,4.467225000000000223e-01,4.426244999999999763e-01,3.275306000000000051e-01,2.915041999999999911e-01,3.516120999999999830e-01,3.719987800000000289e-01
2.471560000000000400e+03,3.880992999999999804e-01,3.680959999999999788e-01,3.168032000000000070e-01,4.674819000000000058e-01,3.847682000000000047e-01,3.850497199999999287e-01
2.471800000000000182e+03,3.932384999999999908e-01,4.033116999999999952e-01,3.407237000000000182e-01,4.409186999999999967e-01,4.263321999999999945e-01,4.009049599999999769e-01
2.472039999999999964e+03,4.893584999999999741e-01,4.337840000000000029e-01,3.611931999999999920e-01,3.039589999999999792e-01,4.116172000000000164e-01,3.999823800000000262e-01
2.472289999999999964e+03,4.316433000000000075e-01,3.709521000000000068e-01,4.255818000000000101e-01,3.623881999999999937e-01,4.159185000000000243e-01,4.012967800000000196e-01
2.472529999999999745e+03,3.961955999999999811e-01,4.150350999999999901e-01,3.329330999999999818e-01,3.200574999999999948e-01,4.275863999999999776e-01,3.783615399999999407e-01
2.472769999999999982e+03,4.401132999999999851e-01,3.668617000000000128e-01,3.243228000000000222e-01,3.043872000000000244e-01,3.657096000000000235e-01,3.602789200000000025e-01
2.473019999999999982e+03,4.171395999999999993e-01,3.267608000000000179e-01,3.359017999999999726e-01,3.173301000000000038e-01,3.599873000000000101e-01,3.514239200000000007e-01
2.473259999999999764e+03,3.610316000000000081e-01,3.942757000000000067e-01,3.714308000000000054e-01,2.632874000000000048e-01,3.438344999999999874e-01,3.467720000000000247e-01
2.473500000000000000e+03,4.131198999999999844e-01,3.932442999999999911e-01,3.188866000000000200e-01,4.224592999999999821e-01,3.841626000000000207e-01,3.863745399999999330e-01
2.473750000000000000e+03,3.767036000000000273e-01,3.154492999999999880e-01,3.829975999999999936e-01,3.083726999999999996e-01,2.907230000000000092e-01,3.348492399999999924e-01
2.473990000000000236e+03,3.168039999999999745e-01,3.715706999999999760e-01,3.127535000000000176e-01,3.649936999999999765e-01,3.212110000000000243e-01,3.374665799999999605e-01
2.474230000000000018e+03,3.243098999999999843e-01,3.352677000000000018e-01,2.971609000000000056e-01,3.466207000000000038e-01,3.466071000000000013e-01,3.299932600000000105e-01
2.474479999999999563e+03,3.734552999999999900e-01,3.429186000000000178e-01,2.897256999999999749e-01,3.322885999999999895e-01,3.544086000000000181e-01,3.385593599999999759e-01
2.474720000000000255e+03,3.180136000000000074e-01,3.049625000000000252e-01,2.868700000000000139e-01,2.911288000000000209e-01,3.600934000000000079e-01,3.122136600000000040e-01
2.474960000000000036e+03,2.915380000000000194e-01,2.297817000000000054e-01,3.009787999999999908e-01,3.355467999999999784e-01,2.373386000000000107e-01,2.790367799999999843e-01
2.475210000000000036e+03,3.269195999999999769e-01,2.844068000000000151e-01,1.762028999999999956e-01,2.931660999999999850e-01,2.797348000000000057e-01,2.720860400000000290e-01
2.475449999999999818e+03,2.979362999999999873e-01,2.583696999999999799e-01,3.081903999999999755e-01,3.343794999999999962e-01,2.527837000000000001e-01,2.903319199999999656e-01
2.475699999999999818e+03,3.129688999999999943e-01,2.668684000000000056e-01,2.858610999999999791e-01,2.985989000000000004e-01,3.021692000000000267e-01,2.932932999999999790e-01
2.475940000000000055e+03,2.958038000000000056e-01,3.199673000000000100e-01,3.079275000000000206e-01,2.908477999999999897e-01,3.223671000000000175e-01,3.073827000000000642e-01
2.476190000000000055e+03,3.412754000000000065e-01,2.954817000000000138e-01,3.272087000000000190e-01,2.834058999999999884e-01,3.233309999999999795e-01,3.141405400000000236e-01
2.476430000000000291e+03,3.649904999999999955e-01,2.891152000000000166e-01,2.939449000000000090e-01,3.487933999999999757e-01,3.326571999999999862e-01,3.259002400000000077e-01
2.476670000000000073e+03,3.500770999999999744e-01,4.038050000000000250e-01,3.254038000000000208e-01,4.197365000000000124e-01,3.999205000000000121e-01,3.797885799999999312e-01
2.476919999999999618e+03,3.904516000000000098e-01,3.795880999999999839e-01,3.323966999999999894e-01,3.486952999999999858e-01,3.965582999999999747e-01,3.695379999999999776e-01
2.477159999999999854e+03,4.486734000000000000e-01,3.999287999999999732e-01,4.485687999999999898e-01,4.085353999999999930e-01,4.306422999999999779e-01,4.272697400000000090e-01
2.477409999999999854e+03,4.003420999999999785e-01,5.217494000000000298e-01,4.582519999999999927e-01,4.786066999999999960e-01,4.834417999999999771e-01,4.684783999999999615e-01
2.477650000000000091e+03,5.013395000000000490e-01,4.677818000000000254e-01,5.109919000000000544e-01,5.053663000000000460e-01,5.125606999999999802e-01,4.996080400000000310e-01
2.477900000000000091e+03,5.680583000000000160e-01,5.506195000000000395e-01,6.160385999999999918e-01,5.736193000000000541e-01,5.784820000000000517e-01,5.773635400000000084e-01
2.478139999999999873e+03,5.967459999999999987e-01,5.166798999999999698e-01,4.693814000000000042e-01,5.088753999999999778e-01,5.361224999999999463e-01,5.255610399999999238e-01
2.478389999999999873e+03,5.310732000000000230e-01,6.096141000000000476e-01,5.531175999999999870e-01,5.203902000000000250e-01,4.346020999999999912e-01,5.297594400000000814e-01
2.478630000000000109e+03,5.573506999999999767e-01,5.370445999999999831e-01,5.663540999999999714e-01,6.334630999999999457e-01,4.619424999999999781e-01,5.512309999999999155e-01
2.478880000000000109e+03,5.220561000000000229e-01,6.023340999999999834e-01,5.192387000000000530e-01,5.695892000000000177e-01,5.299876999999999505e-01,5.486411600000000721e-01
2.479119999999999891e+03,5.145593000000000528e-01,5.395275000000000487e-01,5.965781000000000001e-01,5.626645999999999592e-01,5.714734999999999676e-01,5.569606000000000279e-01
2.479369999999999891e+03,5.785827999999999527e-01,5.980585999999999958e-01,5.479197000000000095e-01,5.319013000000000213e-01,5.544869999999999521e-01,5.621898799999999197e-01
2.479620000000000346e+03,6.817516999999999605e-01,7.070178000000000296e-01,6.708423000000000025e-01,5.365005000000000468e-01,6.894268000000000063e-01,6.571078200000000091e-01
2.479860000000000127e+03,7.797566999999999693e-01,7.907501999999999587e-01,8.679890000000000105e-01,6.333704000000000001e-01,6.799321999999999866e-01,7.503596999999999628e-01
2.480109999999999673e+03,8.015246000000000315e-01,8.782147999999999621e-01,8.374342999999999648e-01,8.607816999999999830e-01,8.901953000000000227e-01,8.536301399999999262e-01
2.480349999999999909e+03,1.143529999999999935e+00,9.868291999999999620e-01,8.952434999999999699e-01,1.039360999999999979e+00,1.115145999999999971e+00,1.036021939999999919e+00
2.480599999999999909e+03,1.393413999999999930e+00,1.352471999999999897e+00,1.409278000000000031e+00,1.286375000000000046e+00,1.366384999999999961e+00,1.361584799999999706e+00
2.480850000000000364e+03,1.605809999999999960e+00,1.746181999999999901e+00,1.730286999999999908e+00,1.813992999999999967e+00,1.776048999999999989e+00,1.734464200000000123e+00
2.481090000000000146e+03,2.117666999999999966e+00,2.351763000000000048e+00,2.223160000000000025e+00,2.205518999999999785e+00,2.281903999999999932e+00,2.236002599999999951e+00
2.481339999999999691e+03,3.320609999999999840e+00,2.943551999999999946e+00,3.082126000000000143e+00,3.078088999999999853e+00,3.245909000000000155e+00,3.134057199999999987e+00
2.481579999999999927e+03,4.096878000000000242e+00,4.115808999999999607e+00,4.162975000000000314e+00,4.170162999999999620e+00,4.165928000000000075e+00,4.142350599999999439e+00
2.481829999999999927e+03,4.743618999999999808e+00,4.809959000000000096e+00,4.644087999999999994e+00,4.966459000000000401e+00,4.842062999999999562e+00,4.801237599999999439e+00
2.482079999999999927e+03,5.158979000000000426e+00,4.707442000000000348e+00,5.107732999999999635e+00,4.950514000000000081e+00,5.091244999999999798e+00,5.003182600000000591e+00
2.482320000000000164e+03,4.724206999999999823e+00,4.894505999999999801e+00,4.680990000000000428e+00,4.802801999999999794e+00,4.654701000000000199e+00,4.751441200000000364e+00
2.482570000000000164e+03,4.324055999999999678e+00,4.596633999999999887e+00,4.476860000000000284e+00,4.033633000000000024e+00,4.427588000000000079e+00,4.371754199999999813e+00
2.482819999999999709e+03,3.879026999999999781e+00,3.328873999999999889e+00,3.458298999999999790e+00,3.668709000000000220e+00,3.855382999999999782e+00,3.638058399999999803e+00
2.483059999999999945e+03,2.895449999999999857e+00,2.944380000000000219e+00,2.866931999999999814e+00,3.166971999999999898e+00,2.912704999999999878e+00,2.957287799999999578e+00
2.483309999999999945e+03,2.082219999999999960e+00,2.281619000000000064e+00,2.270954000000000139e+00,2.453240999999999783e+00,2.550418000000000074e+00,2.327690400000000270e+00
2.483560000000000400e+03,1.621650999999999954e+00,1.822303000000000006e+00,1.848943999999999921e+00,1.713519000000000014e+00,1.835458999999999952e+00,1.768375199999999925e+00
2.483809999999999945e+03,1.612848999999999977e+00,1.540087999999999901e+00,1.591771000000000047e+00,1.588716999999999935e+00,1.605888999999999900e+00,1.587862799999999908e+00
2.484049999999999727e+03,1.378565000000000040e+00,1.337866999999999917e+00,1.254472999999999949e+00,1.368530999999999942e+00,1.215724000000000027e+00,1.311031999999999975e+00
2.484300000000000182e+03,1.198404000000000025e+00,1.076591999999999993e+00,1.233999000000000068e+00,1.216345999999999927e+00,1.259902000000000077e+00,1.197048600000000018e+00
2.484550000000000182e+03,1.174220000000000041e+00,1.029620999999999897e+00,1.059941000000000022e+00,1.070426000000000100e+00,1.132012000000000018e+00,1.093243999999999883e+00
2.484799999999999727e+03,1.082645999999999997e+00,9.604181999999999997e-01,1.149524999999999908e+00,1.024788000000000032e+00,1.097393000000000063e+00,1.062954039999999933e+00
2.485039999999999964e+03,1.014566000000000079e+00,1.174288999999999916e+00,1.057795999999999959e+00,1.210801000000000016e+00,1.041247000000000034e+00,1.099739800000000045e+00
2.485289999999999964e+03,1.068996999999999975e+00,9.956428000000000500e-01,8.696268999999999805e-01,8.770065999999999695e-01,1.099603000000000108e+00,9.821752599999999944e-01
2.485539999999999964e+03,1.002207999999999988e+00,8.944242000000000026e-01,9.169372999999999552e-01,1.024207000000000090e+00,9.817183999999999910e-01,9.638989799999999608e-01
2.485789999999999964e+03,9.197509000000000379e-01,8.090939000000000325e-01,8.893470999999999460e-01,9.696692000000000089e-01,9.119770000000000376e-01,8.999676200000001902e-01
2.486029999999999745e+03,9.341878000000000126e-01,8.537516000000000549e-01,7.827631999999999923e-01,8.499961000000000322e-01,8.545306999999999764e-01,8.550458799999999249e-01
2.486279999999999745e+03,8.738816000000000361e-01,8.605876000000000081e-01,7.918838000000000266e-01,8.778274999999999828e-01,7.571704000000000212e-01,8.322701799999998595e-01
2.486530000000000200e+03,8.333998000000000239e-01,8.401990999999999765e-01,8.314559999999999729e-01,8.165255000000000152e-01,7.747992000000000212e-01,8.192759200000001574e-01
2.486780000000000200e+03,8.691168000000000227e-01,8.169747000000000536e-01,7.185023999999999855e-01,7.398523000000000183e-01,8.095949000000000062e-01,7.908082199999999506e-01
2.487029999999999745e+03,8.615831999999999935e-01,7.731154999999999555e-01,7.068421999999999761e-01,7.172146000000000354e-01,7.857148000000000465e-01,7.688940600000000458e-01
2.487280000000000200e+03,8.324167999999999568e-01,7.963846999999999454e-01,7.307356999999999880e-01,8.754410999999999721e-01,7.832637999999999545e-01,8.036484200000000300e-01
2.487519999999999982e+03,8.059216999999999631e-01,7.923398000000000385e-01,8.434371000000000507e-01,8.391667999999999905e-01,7.404112000000000471e-01,8.042553199999999958e-01
2.487769999999999982e+03,7.625885000000000025e-01,8.609831000000000012e-01,7.843643000000000143e-01,8.225774000000000141e-01,7.040037999999999574e-01,7.869034200000000201e-01
2.488019999999999982e+03,7.759449000000000485e-01,7.858471000000000206e-01,8.259199000000000401e-01,8.817620999999999931e-01,8.195362999999999953e-01,8.178020599999999973e-01
2.488269999999999982e+03,8.638417999999999930e-01,7.234829999999999872e-01,7.711603999999999681e-01,7.452324000000000170e-01,8.237889000000000461e-01,7.855012999999999579e-01
2.488519999999999982e+03,6.728450000000000264e-01,8.455350000000000366e-01,8.015366999999999909e-01,8.617354000000000402e-01,8.018794999999999673e-01,7.967063200000000789e-01
2.488769999999999982e+03,7.605625999999999776e-01,7.509656999999999583e-01,6.747838999999999920e-01,7.776612000000000524e-01,8.884081000000000339e-01,7.704762999999998918e-01
2.489019999999999982e+03,7.306607999999999992e-01,7.757796999999999610e-01,7.978587999999999791e-01,8.604644999999999655e-01,9.150648000000000115e-01,8.159657200000000055e-01
2.489269999999999982e+03,8.987559000000000520e-01,8.068699999999999761e-01,7.815471000000000501e-01,8.533834000000000142e-01,8.389564000000000465e-01,8.359025600000000722e-01
2.489519999999999982e+03,8.931432999999999733e-01,8.746327000000000407e-01,9.232268000000000141e-01,9.172590999999999939e-01,9.235141999999999518e-01,9.063552200000000170e-01
2.489769999999999982e+03,7.519033999999999995e-01,8.846926000000000512e-01,9.488351000000000424e-01,7.554553000000000518e-01,9.677637999999999519e-01,8.617300399999999749e-01
2.490009999999999764e+03,9.223921999999999954e-01,8.022131999999999596e-01,8.467620000000000147e-01,9.101226000000000038e-01,9.557398999999999756e-01,8.874459800000000786e-01
2.490260000000000218e+03,1.017883000000000093e+00,9.397908000000000373e-01,9.979308000000000067e-01,9.140317999999999499e-01,9.749366000000000421e-01,9.689146000000000702e-01
2.490510000000000218e+03,9.276071999999999651e-01,9.289771999999999474e-01,1.045724000000000098e+00,9.303048000000000428e-01,9.948432999999999859e-01,9.654913000000000523e-01
2.490759999999999764e+03,9.998365999999999643e-01,9.985756999999999550e-01,9.628636000000000417e-01,9.997878999999999516e-01,9.383704000000000489e-01,9.798868400000000367e-01
2.491010000000000218e+03,1.078241000000000005e+00,9.652690000000000436e-01,1.145242000000000093e+00,9.672963999999999452e-01,8.446451000000000375e-01,1.000138699999999936e+00
2.491260000000000218e+03,1.111385000000000067e+00,1.020143000000000022e+00,1.043701999999999908e+00,1.122007999999999894e+00,1.004801000000000055e+00,1.060407800000000123e+00
2.491509999999999764e+03,1.073882000000000003e+00,1.085585000000000022e+00,1.096368000000000009e+00,1.158072999999999908e+00,1.063283999999999896e+00,1.095438400000000145e+00
2.491760000000000218e+03,1.041315999999999908e+00,1.083727000000000107e+00,1.039705000000000101e+00,1.090017000000000014e+00,1.113191000000000042e+00,1.073591199999999857e+00
2.492010000000000218e+03,1.190495000000000081e+00,1.080346000000000029e+00,1.148976999999999915e+00,1.017614999999999936e+00,1.110724999999999962e+00,1.109631599999999718e+00
2.492259999999999764e+03,1.186180000000000012e+00,1.154743000000000075e+00,1.167214999999999892e+00,1.247047000000000017e+00,1.174036000000000080e+00,1.185844200000000015e+00
2.492509999999999764e+03,1.118783000000000083e+00,1.166690999999999923e+00,1.062356999999999996e+00,1.261484000000000050e+00,1.193991000000000025e+00,1.160661199999999837e+00
2.492760000000000218e+03,1.225371999999999906e+00,1.078869000000000078e+00,1.038902999999999910e+00,1.108525999999999900e+00,1.172503999999999991e+00,1.124834799999999913e+00
2.493019999999999982e+03,1.153953000000000007e+00,1.261746000000000034e+00,1.244785000000000030e+00,1.244337999999999944e+00,1.052273999999999932e+00,1.191419199999999901e+00
2.493269999999999982e+03,1.162919000000000036e+00,1.250313000000000008e+00,1.169893000000000072e+00,1.176236999999999977e+00,1.294442000000000093e+00,1.210760799999999859e+00
2.493519999999999982e+03,1.299897000000000080e+00,1.217805000000000026e+00,1.193052000000000001e+00,1.188037000000000010e+00,1.178990999999999900e+00,1.215556399999999870e+00
2.493769999999999982e+03,1.141766999999999976e+00,1.036419999999999897e+00,1.076222000000000012e+00,9.915696000000000510e-01,1.081355999999999984e+00,1.065466919999999984e+00
2.494019999999999982e+03,1.220876999999999990e+00,1.172720999999999902e+00,1.139739000000000058e+00,1.234437999999999924e+00,1.243106999999999962e+00,1.202176400000000145e+00
2.494270000000000437e+03,1.227832999999999952e+00,1.046637000000000040e+00,1.334689000000000014e+00,1.096181000000000072e+00,1.253263999999999934e+00,1.191720799999999914e+00
2.494519999999999982e+03,1.116449999999999942e+00,1.096459000000000072e+00,1.006537999999999933e+00,1.135218000000000060e+00,1.097671999999999981e+00,1.090467400000000087e+00
2.494769999999999982e+03,1.196812999999999905e+00,1.120235000000000092e+00,1.092764000000000069e+00,1.188236999999999988e+00,1.200469000000000008e+00,1.159703599999999835e+00
2.495019999999999982e+03,1.303349000000000091e+00,1.179990000000000094e+00,1.370557999999999943e+00,1.044988999999999946e+00,1.144530999999999965e+00,1.208683399999999963e+00
2.495269999999999982e+03,1.180469999999999908e+00,1.232043999999999917e+00,1.219586000000000059e+00,1.315530000000000088e+00,1.169359999999999955e+00,1.223397999999999985e+00
2.495530000000000200e+03,1.114821000000000062e+00,1.133734999999999937e+00,1.263087999999999989e+00,1.251829000000000081e+00,1.278437000000000046e+00,1.208381999999999845e+00
2.495779999999999745e+03,1.340529000000000082e+00,1.109056000000000042e+00,1.143113000000000046e+00,1.154800000000000049e+00,1.079695999999999989e+00,1.165438799999999997e+00
2.496030000000000200e+03,1.335449000000000108e+00,1.285306000000000060e+00,1.062971000000000110e+00,1.242291999999999952e+00,1.170039000000000051e+00,1.219211400000000056e+00
2.496280000000000200e+03,1.131021999999999972e+00,1.281179000000000068e+00,1.169909000000000088e+00,1.274065999999999921e+00,1.256199999999999983e+00,1.222475199999999873e+00
2.496529999999999745e+03,1.239351000000000091e+00,1.189170000000000060e+00,1.274421999999999944e+00,1.364957999999999894e+00,1.246267000000000014e+00,1.262833600000000001e+00
2.496789999999999964e+03,1.381078000000000028e+00,1.393113999999999963e+00,1.243408999999999986e+00,1.331112000000000073e+00,1.156571000000000016e+00,1.301056800000000013e+00
2.497039999999999964e+03,1.292326000000000086e+00,1.421578000000000008e+00,1.277878000000000069e+00,1.342303000000000024e+00,1.413515000000000077e+00,1.349520000000000275e+00
2.497289999999999964e+03,1.296985999999999972e+00,1.233835000000000015e+00,1.229864000000000068e+00,1.146871999999999892e+00,1.282289999999999930e+00,1.237969399999999887e+00
2.497539999999999964e+03,1.327188000000000034e+00,1.247565999999999953e+00,1.314346000000000014e+00,9.945150999999999852e-01,1.127536000000000094e+00,1.202230220000000127e+00
2.497789999999999964e+03,1.228957999999999995e+00,1.328843999999999914e+00,1.135399000000000047e+00,1.260920000000000041e+00,1.325064000000000020e+00,1.255837000000000092e+00
2.498050000000000182e+03,1.241068999999999978e+00,1.407845999999999931e+00,1.381629999999999914e+00,1.297638999999999987e+00,1.186585999999999919e+00,1.302954000000000168e+00
2.498300000000000182e+03,1.413839000000000068e+00,1.371890000000000054e+00,1.143432000000000004e+00,1.126317000000000013e+00,1.214391999999999916e+00,1.253973999999999922e+00
2.498549999999999727e+03,1.291306000000000065e+00,1.408293999999999935e+00,1.283725999999999923e+00,1.292075000000000085e+00,1.344300000000000050e+00,1.323940200000000234e+00
2.498800000000000182e+03,1.149008000000000029e+00,1.112033000000000049e+00,1.262801999999999980e+00,1.243465000000000042e+00,1.208552000000000071e+00,1.195171999999999901e+00
2.499059999999999945e+03,1.298823999999999979e+00,1.318403999999999909e+00,1.269188999999999901e+00,1.145926999999999918e+00,1.227549000000000001e+00,1.251978599999999942e+00
2.499309999999999945e+03,1.160203000000000095e+00,1.152212999999999932e+00,1.285609000000000002e+00,1.210719000000000101e+00,1.154080999999999912e+00,1.192564999999999875e+00
2.499559999999999945e+03,1.167429000000000050e+00,1.249201000000000006e+00,1.144897999999999971e+00,1.132144999999999957e+00,1.208064999999999944e+00,1.180347599999999941e+00
2.499820000000000164e+03,1.225807000000000091e+00,1.354381999999999975e+00,1.336769000000000096e+00,1.181645999999999974e+00,1.254517000000000104e+00,1.270624199999999870e+00
2.500070000000000164e+03,1.350125999999999937e+00,1.241708000000000034e+00,1.101502999999999899e+00,1.305647999999999920e+00,1.212580999999999909e+00,1.242313199999999895e+00
2.500319999999999709e+03,1.058791999999999955e+00,1.283409999999999940e+00,1.258691000000000004e+00,1.174609000000000014e+00,1.100208999999999993e+00,1.175142200000000248e+00
2.500579999999999927e+03,1.081685999999999925e+00,1.150317999999999952e+00,1.123409000000000102e+00,1.226064999999999960e+00,1.201721999999999957e+00,1.156639999999999890e+00
2.500829999999999927e+03,1.124192999999999998e+00,1.080405999999999977e+00,1.187605999999999939e+00,1.282192999999999916e+00,1.179357999999999906e+00,1.170751199999999992e+00
2.501079999999999927e+03,1.344918999999999976e+00,1.121183000000000041e+00,1.376332000000000111e+00,1.119162999999999908e+00,1.190040999999999904e+00,1.230327600000000077e+00
2.501339999999999691e+03,1.240213999999999928e+00,1.189834000000000058e+00,1.204828999999999928e+00,1.129072000000000076e+00,1.100360999999999922e+00,1.172861999999999849e+00
2.501590000000000146e+03,1.127247000000000110e+00,1.166781000000000068e+00,1.282488999999999990e+00,1.130498999999999921e+00,1.116365999999999969e+00,1.164676399999999834e+00
2.501849999999999909e+03,1.136641999999999930e+00,1.196318999999999910e+00,1.092084999999999972e+00,1.192355000000000054e+00,1.029214999999999991e+00,1.129323199999999972e+00
2.502099999999999909e+03,1.148497000000000101e+00,1.256134000000000084e+00,9.179692000000000407e-01,1.083808000000000105e+00,1.053814000000000028e+00,1.092044440000000005e+00
2.502349999999999909e+03,1.123728000000000060e+00,9.998593999999999538e-01,1.019706999999999919e+00,1.146126999999999896e+00,1.147019999999999929e+00,1.087288279999999885e+00
2.502609999999999673e+03,1.102373000000000047e+00,1.097010999999999958e+00,1.109348000000000001e+00,1.198445999999999900e+00,9.711068000000000477e-01,1.095656959999999902e+00
2.502860000000000127e+03,1.072260999999999909e+00,1.028412000000000104e+00,1.118012000000000006e+00,9.521688000000000374e-01,1.041487000000000052e+00,1.042468159999999866e+00
2.503119999999999891e+03,1.066543000000000019e+00,1.042375000000000052e+00,1.117439000000000071e+00,1.012078999999999951e+00,1.095796999999999910e+00,1.066846600000000089e+00
2.503369999999999891e+03,9.202987000000000251e-01,1.064449999999999896e+00,1.014269000000000087e+00,1.107344000000000106e+00,1.115528000000000075e+00,1.044377939999999949e+00
2.503620000000000346e+03,1.169477000000000100e+00,9.664407000000000414e-01,1.128600999999999965e+00,1.096743999999999941e+00,1.070815999999999990e+00,1.086415740000000074e+00
2.503880000000000109e+03,1.050200999999999940e+00,1.002008999999999928e+00,9.262158999999999809e-01,8.820384999999999476e-01,9.352985999999999800e-01,9.591526000000000218e-01
2.504130000000000109e+03,1.074271999999999894e+00,9.591047000000000322e-01,9.110899999999999554e-01,1.047406999999999977e+00,9.887236999999999831e-01,9.961194799999997240e-01
2.504389999999999873e+03,8.482718999999999676e-01,1.003643000000000063e+00,8.767190000000000261e-01,8.932822999999999736e-01,9.714739000000000013e-01,9.186780200000000951e-01
2.504640000000000327e+03,8.898492000000000068e-01,9.278800999999999854e-01,9.569590999999999514e-01,9.084225999999999690e-01,7.857228000000000545e-01,8.937667599999998824e-01
2.504900000000000091e+03,9.143634000000000484e-01,8.680280999999999691e-01,8.676778000000000546e-01,9.657145000000000312e-01,1.084147999999999890e+00,9.399863600000000208e-01
2.505150000000000091e+03,9.919953999999999716e-01,8.769014000000000530e-01,9.039161000000000001e-01,9.489687999999999457e-01,8.291186999999999863e-01,9.101800799999999469e-01
2.505409999999999854e+03,8.010068000000000188e-01,8.267061999999999466e-01,9.127361000000000502e-01,8.393222999999999656e-01,9.205461000000000338e-01,8.600635000000000918e-01
2.505660000000000309e+03,9.407309000000000365e-01,7.583986999999999812e-01,8.090079000000000020e-01,9.700963999999999698e-01,8.711423000000000361e-01,8.698752400000000495e-01
2.505920000000000073e+03,8.080977000000000299e-01,8.231389999999999540e-01,7.798494000000000259e-01,7.520016000000000478e-01,9.816466000000000358e-01,8.289468600000000631e-01
2.506180000000000291e+03,9.561357999999999802e-01,9.429551000000000460e-01,8.593081999999999665e-01,8.842058000000000417e-01,9.591148999999999925e-01,9.203439600000000720e-01
2.506429999999999836e+03,9.417288999999999799e-01,9.577240999999999671e-01,1.012548999999999921e+00,1.037315999999999905e+00,9.588276999999999495e-01,9.816291399999999001e-01
2.506690000000000055e+03,9.559857000000000493e-01,8.498411000000000159e-01,9.661722000000000365e-01,1.076988999999999974e+00,9.062403999999999460e-01,9.510456800000000044e-01
2.506940000000000055e+03,7.342212000000000183e-01,8.212359999999999660e-01,9.174286000000000385e-01,1.033733999999999931e+00,7.720561000000000229e-01,8.557351800000001507e-01
2.507200000000000273e+03,8.976229000000000013e-01,9.770229999999999748e-01,9.524711999999999623e-01,1.035007000000000010e+00,8.784826000000000024e-01,9.481213399999999236e-01
2.507449999999999818e+03,7.842964000000000047e-01,8.542218000000000311e-01,1.057018000000000013e+00,8.917895999999999601e-01,8.932271999999999990e-01,8.961106000000000904e-01
2.507710000000000036e+03,8.877481999999999873e-01,9.176486000000000365e-01,8.577932000000000334e-01,7.990034000000000303e-01,9.324582000000000148e-01,8.789303200000000427e-01
2.507969999999999800e+03,8.047585999999999906e-01,8.818194000000000310e-01,8.493663000000000185e-01,8.458788000000000418e-01,9.149051999999999740e-01,8.593456600000000112e-01
2.508220000000000255e+03,9.167720000000000313e-01,7.470999999999999863e-01,8.592836999999999836e-01,8.371486000000000205e-01,9.301285000000000247e-01,8.580865600000000537e-01
2.508480000000000018e+03,9.441376000000000213e-01,7.613763999999999532e-01,8.088720000000000354e-01,8.615245000000000264e-01,9.323464999999999669e-01,8.616513999999998452e-01
2.508739999999999782e+03,8.654024999999999634e-01,7.137185999999999808e-01,7.803269000000000455e-01,7.558934999999999960e-01,7.365941999999999767e-01,7.703871399999999703e-01
2.508989999999999782e+03,8.859323000000000059e-01,8.353855000000000031e-01,9.430534000000000416e-01,8.097763000000000044e-01,9.143546999999999647e-01,8.777004399999999151e-01
2.509250000000000000e+03,8.872529000000000110e-01,7.629211999999999660e-01,7.888996000000000342e-01,8.921805000000000430e-01,9.049158999999999953e-01,8.472340199999999211e-01
2.509510000000000218e+03,9.416539000000000437e-01,8.343481999999999843e-01,8.356407999999999614e-01,7.553944000000000214e-01,7.557589000000000112e-01,8.245592399999999156e-01
2.509760000000000218e+03,7.558877999999999986e-01,9.494776000000000327e-01,7.985246000000000288e-01,8.374249999999999750e-01,7.482493999999999534e-01,8.179128800000000643e-01
2.510019999999999982e+03,9.011721000000000315e-01,8.651100999999999930e-01,9.096568999999999905e-01,8.676063999999999998e-01,8.898203000000000085e-01,8.866731599999999602e-01
2.510279999999999745e+03,6.727880000000000527e-01,8.508784000000000347e-01,7.756948999999999650e-01,9.352776000000000423e-01,8.759453999999999851e-01,8.221168600000000604e-01
2.510530000000000200e+03,8.564207000000000347e-01,8.320870000000000211e-01,9.356092000000000297e-01,7.926969000000000376e-01,8.945914999999999839e-01,8.622810600000001546e-01
2.510789999999999964e+03,8.286124999999999741e-01,9.194993999999999668e-01,8.764486999999999695e-01,7.262039000000000133e-01,9.531868000000000007e-01,8.607902600000001403e-01
2.511050000000000182e+03,8.470788000000000206e-01,9.289920999999999873e-01,7.889249999999999874e-01,8.321494000000000391e-01,8.411345000000000072e-01,8.476559599999999861e-01
2.511299999999999727e+03,6.060219000000000023e-01,8.275048000000000403e-01,8.929831999999999770e-01,7.335167000000000215e-01,7.397936000000000512e-01,7.599640400000000628e-01
2.511559999999999945e+03,8.036706000000000127e-01,8.558411999999999686e-01,8.223574999999999635e-01,9.430868999999999502e-01,8.718283999999999478e-01,8.593569199999999686e-01
2.511820000000000164e+03,6.763768999999999476e-01,7.613689999999999625e-01,8.175094000000000527e-01,9.266229000000000271e-01,7.559759999999999813e-01,7.875708399999999942e-01
2.512079999999999927e+03,7.817075999999999469e-01,7.337683000000000400e-01,7.495484999999999509e-01,7.821930999999999745e-01,9.164451000000000125e-01,7.927325199999998295e-01
2.512340000000000146e+03,6.332531000000000132e-01,7.602122000000000046e-01,7.055491000000000401e-01,6.374640999999999780e-01,8.205335999999999741e-01,7.114024199999999798e-01
2.512589999999999691e+03,8.864125000000000476e-01,8.837821000000000149e-01,7.627458000000000293e-01,7.963651000000000479e-01,8.486744000000000510e-01,8.355959800000001270e-01
2.512849999999999909e+03,8.126524000000000525e-01,7.937726999999999977e-01,8.991335000000000299e-01,8.312648999999999733e-01,7.670215999999999701e-01,8.207690199999999603e-01
2.513110000000000127e+03,7.664978999999999543e-01,9.052453000000000305e-01,7.316308000000000256e-01,8.038825000000000554e-01,7.611955999999999722e-01,7.936904199999998966e-01
2.513369999999999891e+03,7.801768999999999510e-01,7.728243999999999669e-01,9.108770999999999951e-01,7.732746999999999815e-01,7.876376000000000488e-01,8.049581400000000997e-01
2.513630000000000109e+03,8.070772000000000501e-01,7.172695000000000043e-01,9.041289999999999605e-01,8.665137000000000533e-01,7.647197999999999496e-01,8.119418400000000258e-01
2.513880000000000109e+03,6.903350999999999793e-01,8.361914999999999765e-01,7.487123999999999446e-01,7.399314000000000169e-01,7.515956999999999777e-01,7.533532199999999346e-01
2.514139999999999873e+03,6.737446999999999742e-01,8.948943000000000314e-01,8.944490999999999969e-01,9.052497999999999934e-01,8.054061000000000137e-01,8.347488000000000685e-01
2.514400000000000091e+03,7.631213000000000024e-01,8.637593000000000076e-01,7.714798000000000489e-01,7.627882000000000273e-01,7.990152000000000365e-01,7.920327600000000023e-01
2.514660000000000309e+03,8.862400000000000277e-01,8.745431000000000177e-01,9.594158999999999882e-01,7.839213000000000431e-01,9.560591000000000506e-01,8.920358800000001143e-01
2.514920000000000073e+03,7.911245999999999556e-01,9.207754999999999690e-01,7.760920999999999514e-01,8.123272000000000270e-01,8.936500000000000554e-01,8.387938800000001027e-01
2.515179999999999836e+03,8.471313000000000315e-01,8.768565999999999860e-01,8.276069000000000342e-01,7.887849999999999584e-01,7.923689999999999900e-01,8.265497600000000222e-01
2.515440000000000055e+03,9.657253000000000087e-01,8.887300000000000200e-01,8.589314999999999589e-01,8.515506999999999938e-01,7.652965999999999935e-01,8.660468199999999950e-01
2.515699999999999818e+03,9.610956000000000499e-01,7.801827999999999541e-01,8.468930000000000069e-01,8.781721000000000110e-01,7.503031000000000006e-01,8.433293200000001599e-01
